ID,y,Antiguedad,Tiempo_ultima_compra,Frec,Consumo,Devolucion,Ship_to,Compra_unica,Temporada,y^_lr,proba_lr,y^_knn,proba_knn,y^_rf,proba_rf,y^_MLP,proba_MLP,y^_last,proba_last,Recency,Frequency,MonetaryValue,Cluster
21109894,0,2475,89,93,11751084.15,1,2,False,OI,0,0.114919260230235,0,0.4,0,0.0781384085159496,0,0.1775681222449183,0,0.0678130391975932,-0.043909465118420456,0.1804096631145142,0.30743118334324393,2
21113581,1,2475,496,2,1319400.52,0,1,False,OI,0,0.4849288119242167,1,1.0,1,0.5425148376464839,1,0.8802172794521226,1,0.6887213850798328,1.3604228370779388,-2.076078923964143,-0.8490084557846914,0
21338022,1,1580,519,4,678956.48,0,1,False,OI,1,0.5181822900466128,1,1.0,1,0.5585683113823207,1,0.8287279208646354,1,0.5331332585885796,1.397476243970797,-1.66870865998948,-1.2003536470208223,0
21110068,1,2475,729,1,1244839.84,0,1,False,PV,1,0.5468365664516875,1,1.0,1,0.9033918455059068,1,0.998058401487221,1,0.870577992174705,1.6752216233702417,-2.483449187938805,-0.8797711111190557,0
21501025,0,1124,28,1258,14314645.29,54,1,False,PV,0,3.6546988069027785e-12,0,0.0,0,0.0530681757659318,0,9.019314551874065e-08,0,0.0025002633204927,-0.9892364465330675,1.7112082853825916,0.4117902576006668,3
21108872,0,2475,41,59,4233499.73,3,2,False,PV,0,0.206565741449477,1,0.8,0,0.2746895209009946,0,0.2288772792827739,0,0.2441650576224848,-0.6774869577553518,-0.08703533605155798,-0.23246527108971476,2
21480246,0,1202,140,221,7855821.22,2,1,False,OI,0,0.0119454560410685,0,0.0,0,0.0915001166726198,0,0.131985190213681,0,0.027951107301293,0.3264010213922201,0.6891107334894321,0.09447422023355191,1
21108154,0,2475,98,6,414123.17,0,1,False,PV,0,0.4182254718981126,0,0.0,0,0.2326324392272634,0,0.3375530054662962,0,0.1555938912330055,0.03483654631020242,-1.430412331655424,-1.4618063198493028,0
21268378,1,1986,627,54,4561273.13,0,1,False,PV,0,0.4286528253724346,1,0.8,1,0.6220567099718483,1,0.8270314326958341,0,0.4914745812124763,1.5520094516691574,-0.13907914703798663,-0.19302857471444299,1
21108137,0,2475,28,85,4752643.31,1,1,False,PV,0,0.1170906667239971,0,0.4,0,0.0544930260874765,0,0.1170197110976497,0,0.1142954945531574,-0.9892364465330675,0.12754608963241995,-0.17129389199652284,3
21340524,0,1548,255,90,9127959.6,0,1,False,OI,0,0.1837567875063083,0,0.2,0,0.0744918332988737,0,0.1333824084102984,0,0.1030530037296995,0.8165622194666111,0.16113872159774473,0.17384568790566113,1
21107294,0,2475,28,220,21454616.65,4,1,False,PV,0,0.0102212309245562,0,0.0,0,0.0789970339016199,0,0.1271911900656948,0,0.018859548353433,-0.9892364465330675,0.6864453726415402,0.6257869107711939,3
21107681,0,2475,256,74,2664234.87,0,1,False,OI,0,0.1315159425184759,0,0.0,0,0.0740897113632149,0,0.1185512597256868,0,0.0676017965358012,0.8197616424159481,0.04609746875581707,-0.4773751933844783,1
21108133,0,2475,28,692,93433594.6,7,1,False,PV,0,3.832056923906146e-07,0,0.0,0,0.0353312082469985,0,0.0002113190093012,0,7.584599590815609e-05,-0.9892364465330675,1.3599378036563698,1.4038678400371614,5
21278767,0,1926,42,54,17751953.21,2,4,False,PV,0,0.3410168454765072,1,0.8,0,0.1997726135735313,0,0.2585811804554547,0,0.2712749939878795,-0.6577883775878661,-0.13907914703798663,0.5256021190681792,2
21109641,0,2475,229,12,3140861.07,1,1,False,PV,0,0.4669998014790216,1,0.8,0,0.3482628223887157,1,0.6429178323894607,0,0.3457873797118952,0.7286522228150899,-1.0230420676807614,-0.3903394763559163,0
21107258,0,2475,28,244,49889183.61,9,2,False,OI,0,0.0041964037278167,0,0.0,0,0.03566792107401,0,0.0086060704928143,0,0.0075196681075206,-0.9892364465330675,0.7472973747779004,1.0720519897999423,3
21108511,0,2475,28,622,42975408.03,1,1,False,OI,0,7.137894810200547e-07,0,0.0,0,0.0069600031643242,0,4.355783581504585e-05,0,7.272532356582917e-05,-0.9892364465330675,1.2972608505776306,0.9931623970840373,5
21341632,0,1537,28,565,63595860.39,5,8,False,PV,0,9.022681502122556e-06,0,0.0,0,0.0516464191174479,0,0.0005235560314391,0,0.0004408455267409,-0.9892364465330675,1.2407733772791603,1.2004236178420524,5
21109870,0,2475,47,25,7942673.720000001,0,2,False,PV,0,0.2727875014410381,0,0.2,0,0.2619187650634372,1,0.5052584385000517,0,0.1789719318797004,-0.565843079064962,-0.5916802660499052,0.10028883884954573,2
21108778,0,2475,32,53,6356532.5,3,1,False,PV,0,0.0652853314959995,1,0.6,0,0.1039637991176626,0,0.0786502682251005,0,0.1410809451791601,-0.8800810066594229,-0.15006472033752563,-0.01751813066256567,2
21285620,0,1875,146,29,3436873.85,1,1,False,OI,0,0.4951077455732702,0,0.4,0,0.2359507439773037,0,0.4841754762986354,0,0.274403885075663,0.3607047197328818,-0.5044521875697923,-0.3427097835814909,1
21107533,0,2475,89,283,45330857.07,16,2,False,OI,0,0.0023698457548017,0,0.0,0,0.0632749459257675,0,0.0272497384118199,0,0.0071690307409424,-0.043909465118420456,0.83444239042703,1.021380997908156,5
21300885,0,1803,69,78,13031028.0,10,2,False,OI,0,0.2649155736982745,0,0.4,0,0.1461880069073413,0,0.4226932101908447,0,0.2063087198177829,-0.25197529026787613,0.07703677314603853,0.36210626729690765,2
21330867,0,1635,28,769,21830483.21,16,1,False,OI,0,8.088771450435712e-08,0,0.0,0,0.0212936181542283,0,0.0001179987131516,0,0.0075417884772875,-0.9892364465330675,1.4219442671660023,0.6349714300949905,3
21154850,1,1784,349,16,6510413.47,1,1,False,PV,1,0.5201159744780226,1,0.8,0,0.2355592065168711,0,0.3449848831203502,1,0.539912669924349,1.073085354281741,-0.8539681320401552,-0.004868425731134692,1
21109024,0,2475,124,30,25976846.35,0,1,False,OI,0,0.3217196356019301,0,0.2,0,0.182069665963933,0,0.2850481315152573,0,0.146442037803368,0.22719440436102462,-0.4845278707109739,0.7269349569698179,2
21109690,0,2475,28,303,40175159.97,2,1,False,PV,0,0.0012183376302434,0,0.0,0,0.03566792107401,0,0.004401989683498,0,0.0037266211407498,-0.9892364465330675,0.8745747736976413,0.9575299377429677,3
21109041,0,2475,181,1,291109.69,0,1,False,OI,0,0.4441061282340078,1,0.8,0,0.432271264187922,1,0.6882839165501882,1,0.59430632887744,0.5363672116671396,-2.483449187938805,-1.6482012788968636,0
21319155,0,1736,36,15,843709.53,0,1,False,PV,1,0.5308400763155129,1,0.6,0,0.2360967935713979,0,0.3565907438601713,0,0.3004848753007504,-0.7837990851274774,-0.8918981346856365,-1.0854635676063624,0
21110035,1,2475,560,1,110051.83,0,1,False,OI,0,0.4441061282340078,1,0.8,0,0.432271264187922,1,0.6882839165501882,1,0.59430632887744,1.4596294541091344,-2.483449187938805,-2.1626249147271968,0
21107274,0,2475,153,19,3051519.24,0,1,False,OI,0,0.353317537264846,0,0.4,0,0.1721451380518954,0,0.2856917100326379,0,0.1557308624345755,0.3989870368449817,-0.7529698354420601,-0.4056002872345483,1
21479145,0,1215,28,214,2165895.68,2,1,False,OI,0,0.003700884752852,0,0.0,0,0.0940014163693221,0,0.001501321015282,0,0.0105816979752077,-0.9892364465330675,0.6701942618625651,-0.5868879100550094,2
21506362,1,1103,789,11,3672595.5,0,1,False,PV,1,0.958425154084162,1,0.8,1,0.9461074735830424,1,0.999968446670537,1,0.9233113625233746,1.7398759803389272,-1.0741796162522352,-0.30762880045688773,0
21109156,0,2475,28,309,38786869.5,5,6,False,PV,0,0.001259607261366,0,0.0,0,0.0352335447533651,0,0.011573048352551,0,0.0045888568165406,-0.9892364465330675,0.8860988891952617,0.9389323315803432,3
21109975,0,2475,28,282,17843485.49,0,1,False,OI,0,0.0027545661864774,0,0.0,0,0.0827193576142487,0,0.0671629504930037,0,0.009069683539811,-0.9892364465330675,0.832361995123213,0.5283218825520329,3
21504498,0,1111,279,171,3723997.89,16,1,False,OI,0,0.0472150140841308,0,0.0,0,0.0744357733116173,0,0.0872520876003008,0,0.0472523118359652,0.8900905422514268,0.5383633491753776,-0.3002784370814417,1
21108252,0,2475,124,48,3875991.4,0,1,False,PV,0,0.1474688511729537,0,0.2,0,0.0790255859514593,0,0.1474606799742656,0,0.0609757237405859,0.22719440436102462,-0.20830153973143628,-0.2791230865410209,2
21107587,1,2475,413,66,7068181.81,12,1,False,PV,0,0.0668439516903447,0,0.4,0,0.2434067870472191,0,0.0425114935212586,0,0.3421756294518062,1.2107243022807026,-0.021142759968854327,0.03860198158834313,1
21109783,0,2475,28,262,41448573.94,3,1,False,PV,0,0.0019666137723013,0,0.0,0,0.0110469669164721,0,0.0125561569715644,0,0.0069791398580724,-0.9892364465330675,0.7891284608176317,0.9740320159541718,3
21480244,0,1202,29,145,7465726.07,0,1,False,OI,0,0.4892452868574513,0,0.2,0,0.423063146940158,0,0.4915625273509412,0,0.3116058656044654,-0.9605509938132214,0.4414322733746577,0.06753952634045114,3
21108172,0,2475,34,69,9392426.02,2,1,False,PV,0,0.1745957862151595,0,0.4,0,0.1384174421518183,0,0.2085353354615079,0,0.1794706786440121,-0.8305233174038775,0.004982032514599791,0.188949976804246,3
21319309,0,1734,60,15,14181978.27,1,2,False,PV,0,0.4422344121475451,1,0.6,0,0.1696710549997353,0,0.4785088246512847,0,0.2408088796930004,-0.366223902505848,-0.8918981346856365,0.4068662019006736,2
21107853,1,2475,458,9,2024274.18,0,1,False,PV,0,0.4603006453808159,1,0.8,0,0.4156869683156612,1,0.5213375412903904,1,0.5355558745815604,1.2952664391735471,-1.1921160033213678,-0.6226492072975506,0
21107586,0,2475,196,128,8407303.66,31,1,False,PV,0,0.0193876128120164,0,0.0,0,0.029345178270678,0,0.0548883054523376,0,0.0853723129091763,0.6014507626686588,0.36814265988383243,0.1303535637812284,1
21109467,1,2475,616,13,756013.8,0,1,False,OI,0,0.4836510537421553,0,0.4,1,0.7070485767091138,1,0.7916115913570397,1,0.5470868037769772,1.53754090546523,-0.9760000831373428,-1.1435025017666554,0
21374791,0,1372,34,18,2608647.12,0,1,False,PV,0,0.2974817216454101,1,0.8,0,0.1931983296890671,0,0.4559229230129794,0,0.3677882143008485,-0.8305233174038775,-0.7847457393467056,-0.4885257714939535,2
21108230,0,2475,28,140,4353074.76,3,2,False,PV,0,0.0437567328404119,0,0.2,0,0.0368841214466777,0,0.0829218023685393,0,0.0860648653618642,-0.9892364465330675,0.4208087166241441,-0.21773540211647172,3
21493651,0,1140,60,126,3475364.78,9,1,False,PV,0,0.1028425248228118,0,0.4,0,0.0604120501306777,0,0.0671105061636737,0,0.1283075072405579,-0.366223902505848,0.358887176322469,-0.3368200666656314,2
21480242,0,1202,63,21,8828445.91,0,2,False,OI,1,0.5416096794898938,0,0.2,0,0.1976115076756277,0,0.3323179892222489,0,0.2266177294964972,-0.326340308642665,-0.6941496799609123,0.1562020634312737,2
21218955,1,1628,921,5,292567.56,0,1,False,OI,1,0.561568207235771,1,1.0,1,0.7485946956955202,1,0.9957474749777816,1,0.7777812604795925,1.8663305931406216,-1.537564726994355,-1.6455594956189485,0
21107551,0,2475,47,96,43501842.44,5,7,False,OI,0,0.1093026430703545,0,0.0,0,0.073755469345592,0,0.1776126730413208,0,0.0660981461040739,-0.565843079064962,0.19906872424322608,0.9996010944324916,2
21108433,0,2475,28,562,59631573.13,17,3,False,PV,0,3.364440255694314e-06,0,0.0,0,0.0064319923693817,0,0.0006199065552507,0,0.0002337156751132,-0.9892364465330675,1.2376444733866987,1.1663861021756627,5
21108065,0,2475,60,61,11572912.19,0,1,False,OI,0,0.2516604732584664,1,0.6,0,0.4613339778548299,1,0.6483485174141542,0,0.3342972842391892,-0.366223902505848,-0.06744315317142487,0.2993514860262951,2
21484772,1,1167,679,3,2370131.86,0,1,False,OI,1,0.6990693211396483,1,1.0,1,0.9289924636694928,1,0.999966625927069,1,0.8631960651143896,1.6171395638599948,-1.8377825956300864,-0.5392337319039767,0
21218956,0,2328,28,306,6241852.31,8,1,False,PV,0,0.0026186461037049,0,0.0,0,0.0510441906648715,0,0.0314974239397269,0,0.010370592617681,-0.9892364465330675,0.8803650772800696,-0.0271461239918838,3
21107772,0,2475,47,50,6427841.45,0,2,False,PV,0,0.3001723004467135,0,0.4,1,0.5507387533225674,1,0.6883841150787076,0,0.2433669966632014,-0.565843079064962,-0.18431000207524256,-0.01161857462310416,2
21326950,1,1660,770,10,1920728.5,0,1,False,PV,1,0.9571100227254404,1,0.8,1,0.9750657329411448,1,0.9986242584492472,1,0.9200231138733492,1.7199499406736038,-1.1301944630196925,-0.6504165738859751,0
21318072,0,1750,60,24,7964505.819999999,0,1,False,OI,1,0.5641742657995378,0,0.4,0,0.3467982615200644,1,0.7742340681018456,0,0.3786289177096987,-0.366223902505848,-0.6156718037060989,0.10174045854624382,2
21432917,0,1273,28,517,52429891.79,21,1,False,PV,0,9.62137602872386e-06,0,0.0,0,0.0254607065249284,0,0.0006194261239247,0,0.002989255699511,-0.9892364465330675,1.1885947105264016,1.0983206373683452,5
21108985,0,2475,36,4,840807.97,0,1,False,OI,0,0.4727011140119715,1,0.6,0,0.3807675223602387,0,0.4920321422909268,0,0.3126577410565577,-0.7837990851274774,-1.66870865998948,-1.0872853928213693,0
21426690,0,1296,46,72,4555053.01,0,2,False,PV,0,0.2638390758998932,0,0.0,0,0.1037289976247759,0,0.1482459835265598,0,0.178108356699301,-0.5834233592130775,0.029994788602619737,-0.193750229053975,2
21216034,0,2366,89,33,4141231.96,1,2,False,PV,0,0.0099450865230837,0,0.0,0,0.1143820804627228,0,0.0306812722045515,0,0.0748583854317131,-0.043909465118420456,-0.4285130239435167,-0.24411851793429293,2
21109030,0,2475,28,147,15537209.41,14,1,False,OI,0,0.0369512636507777,0,0.0,0,0.0368841214466777,0,0.0661352236503672,0,0.0317593050226132,-0.9892364465330675,0.44948323570826204,0.4551307222009561,3
21108572,0,2475,60,34,16471009.0,0,1,False,PV,0,0.1077489965279264,0,0.2,0,0.0761291874792947,0,0.1349407434682245,0,0.1197780219179535,-0.366223902505848,-0.41096810733736766,0.48599567972592045,2
21107901,0,2475,124,5,1401441.52,0,1,False,PV,0,0.4233704219009471,0,0.2,0,0.2308205401194873,0,0.3476540504945368,0,0.2128486844268923,0.22719440436102462,-1.537564726994355,-0.8171070708478897,0
21108150,0,2475,32,424,69232385.98,15,1,False,OI,0,9.482270079144272e-05,0,0.0,0,0.0357655845676433,0,0.0011408288225527,0,0.0009453437007788,-0.8800810066594229,1.072046071586462,1.2453324929441247,5
21108561,0,2475,42,327,43553431.12,4,1,False,PV,0,0.0002747635614552,0,0.2,0,0.0072182235006702,0,0.0044101947514647,0,0.0521718377786733,-0.6577883775878661,0.9193744393834632,1.000227866498613,3
21109476,0,2475,105,75,7134811.96,0,1,False,PV,0,0.2019389481147187,0,0.4,0,0.4928190739998992,1,0.6337993297990026,0,0.1584484183506688,0.09123487397896443,0.05398632625881345,0.04356383958578742,2
21109117,0,2475,28,48,2796950.92,1,1,False,PV,0,0.1869860123598413,0,0.0,0,0.2219678023843858,0,0.4692890917948211,0,0.1022450006737744,-0.9892364465330675,-0.20830153973143628,-0.45166695830439196,2
21108391,0,2475,28,43,8761578.85,0,1,False,PV,0,0.28128858985084,0,0.4,0,0.241824952126138,0,0.3396719154988069,0,0.1739793969805171,-0.9892364465330675,-0.2729502824194041,0.15218139629161992,2
21369684,1,1426,859,4,75969.83,0,1,False,PV,1,0.9620186396117396,1,1.0,1,0.9835516616584612,1,0.9999656898243294,1,0.9242434995380576,1.809361485846641,-1.66870865998948,-2.3586192061130307,0
21108556,0,2475,28,114,2557279.0,0,1,False,PV,0,0.0663118433156693,0,0.4,0,0.0388184194723879,0,0.0726123931517392,0,0.0427416559153586,-0.9892364465330675,0.3000670208413214,-0.4990432115550506,2
21107377,0,2475,28,656,54055380.75,7,1,False,PV,0,7.785511018940347e-07,0,0.0,0,0.0354089254254311,0,0.0002113623878529,0,0.0050989743757474,-0.9892364465330675,1.328539242339096,1.1144671398726755,5
21237978,0,2254,42,101,5417111.01,1,1,False,PV,0,0.1647331592941778,0,0.0,0,0.0658941438651077,0,0.1991842037544601,0,0.1033506690757842,-0.6577883775878661,0.22890818138892285,-0.10208963470473689,3
21109040,0,2475,172,11,9603647.11,0,1,False,OI,0,0.4213321195475276,1,0.6,0,0.2499482738056037,0,0.3562867970274846,0,0.2693229995155418,0.49467509600425,-1.0741796162522352,0.20071090494591529,2
21107309,0,2475,28,649,822214789.81,22,4,False,OI,0,9.04721443930309e-07,0,0.0,0,0.0354089254254311,0,0.0002310277923777,0,0.0026068127276355,-0.9892364465330675,1.322234235635012,2.5539522956845575,5
21279443,0,1919,42,168,13403978.76,12,3,False,PV,0,0.0421466136772217,0,0.0,0,0.0496198446193001,0,0.0633535957708386,0,0.048454814864086,-0.6577883775878661,0.5279611119630754,0.3770290954599308,3
21219946,1,2314,385,17,903493.5,0,1,False,OI,0,0.279858386440399,1,0.8,0,0.1844107998200876,0,0.3358255106726441,1,0.53635484565658,1.1533357243151474,-0.8183383713120302,-1.049259180107707,0
21338284,0,1575,83,66,11828846.28,0,1,False,OI,0,0.220233081708455,0,0.4,0,0.1117370173927674,0,0.4415456917405266,0,0.221219212340947,-0.10096411680480648,-0.021142759968854327,0.31091919119262684,2
21109343,1,2475,490,10,2570834.76,0,1,False,PV,0,0.4943958393372554,1,1.0,1,0.688803756029957,1,0.7889932086906798,1,0.6268835524623536,1.3504740142354896,-1.1301944630196925,-0.496247338281268,0
21107588,0,2475,28,347,95000587.44,6,2,False,PV,0,0.0007466104048462,0,0.0,0,0.1472649459725045,0,0.0557214317377958,0,0.0199190970333632,-0.9892364465330675,0.9542636766732326,1.412663482904716,5
21428220,0,1288,28,1554,233376529.57,59,11,False,PV,0,9.841526673127652e-15,0,0.0,0,0.0534041885529853,0,4.7544829893962214e-08,0,2.6737294351746784e-08,-0.9892364465330675,1.83539697673371,1.8879646292628138,5
21481879,1,1191,493,5,266101.61,0,1,False,OI,1,0.5958588539526394,1,1.0,1,0.5467935664149484,1,0.979099809873834,1,0.652498476582186,1.3554635608761516,-1.537564726994355,-1.6957022554201782,0
21274739,0,1952,34,48,2691334.2,0,1,False,PV,0,0.4599133246759569,0,0.2,1,0.6056294920793164,1,0.8356284407342279,0,0.2687467438915543,-0.8305233174038775,-0.20830153973143628,-0.47202330698868206,2
21315098,0,1769,28,33,6831796.33,0,1,False,PV,0,0.3369448339088384,1,0.6,0,0.2049868739944252,0,0.1895784734496764,0,0.2154715131003252,-0.9892364465330675,-0.4285130239435167,0.020613322035735536,2
21107756,0,2475,278,5,1150645.76,0,1,False,OI,0,0.4233704219009471,0,0.2,0,0.2308205401194873,0,0.3476540504945368,0,0.2128486844268923,0.8871553451300125,-1.537564726994355,-0.9213817398003612,0
21108946,1,2475,741,39,1309269.58,4,1,False,PV,0,0.2312408234634368,1,0.6,1,0.622246096449217,1,0.6211675615685315,0,0.3904074842045026,1.6885680671055407,-0.33033349082862407,-0.8530847550342827,1
21441920,0,1264,60,25,11249711.26,0,1,False,PV,1,0.5015930903485045,0,0.4,0,0.1717261505658388,0,0.2969051449872675,0,0.2492825223815003,-0.366223902505848,-0.5916802660499052,0.28437236526433957,2
21108288,0,2475,29,350,153373629.32,4,1,False,OI,0,0.0005064677279986,0,0.0,0,0.0359465124799578,0,0.0054862581739533,0,0.0026492406402931,-0.9605509938132214,0.9593229135939317,1.6659722549386344,5
21113580,0,2475,28,685,107314997.59,10,2,False,OI,0,2.176637601408443e-07,0,0.0,0,0.0069600031643242,0,6.370418089868687e-05,0,5.0793578342820445e-05,-0.9892364465330675,1.3539624763418987,1.477120724795571,5
21154581,0,2447,28,486,13732118.25,3,2,False,PV,0,1.760242183302516e-05,0,0.0,0,0.00776219756847,0,0.0019352718605698,0,0.0005629172878303,-0.9892364465330675,1.1522540375794506,0.3898194486127569,3
21481885,1,1191,546,1,300027.33,0,1,False,OI,1,0.9496206897007564,1,1.0,1,0.8313483541509831,1,0.99999638778832,1,0.9090269097726336,1.4389333734883585,-2.483449187938805,-1.632244509200427,0
21107914,0,2475,181,45,3792082.46,0,1,False,OI,0,0.1910805531114093,1,0.6,0,0.1315226478035825,0,0.3340546882226194,0,0.1857886477551585,0.5363672116671396,-0.24623154237691788,-0.2906972479153603,1
21278437,0,1930,32,404,21536369.75,11,2,False,PV,0,0.0003931976023121,0,0.0,0,0.1455974657054443,0,0.0391421157069545,0,0.0073693549444641,-0.8800810066594229,1.043648709338248,0.6277982142002028,3
21480367,0,1198,127,174,2691803.71,14,1,False,PV,0,0.0268685020055424,0,0.0,0,0.0376247917574788,0,0.069103066544425,0,0.0348063785620084,0.24673600872005136,0.5485846687135889,-0.4719310584293654,1
21110036,0,2475,28,569,116326785.36,17,4,False,PV,0,4.795570249859442e-06,0,0.0,0,0.0357655845676433,0,0.0004499080864336,0,0.0002336331023085,-0.9892364465330675,1.2449195042429297,1.5197633060720324,5
21107725,0,2475,28,180,36312191.83,2,1,False,PV,0,0.0178305847792544,0,0.0,0,0.0353112619317978,0,0.0340164439340697,0,0.0195582661301111,-0.9892364465330675,0.5685089855724074,0.9040671727674946,3
21107472,0,2475,28,386,20501282.65,0,1,False,PV,0,0.0001333017273364,0,0.0,0,0.0069600031643242,0,0.0028870782824067,0,0.0013644044792964,-0.9892364465330675,1.0168623035240396,0.6017500882086726,3
21287758,0,1860,35,217,7117787.11,3,1,False,OI,0,0.0176039370584835,0,0.0,0,0.0768320864759256,0,0.098408671987043,0,0.0304019340973728,-0.8068274113246937,0.6783759864749699,0.042300443046477114,3
21109959,0,2475,28,152,7813335.39,0,1,False,PV,0,0.0339167480533692,0,0.2,0,0.037480347861772,0,0.0681937965360008,0,0.0806197179056368,-0.9892364465330675,0.4691409564819278,0.09160641402434722,3
21497442,1,1132,488,34,1399790.56,0,1,False,OI,0,0.3798021649334703,1,0.6,0,0.1948813336825479,0,0.1958551038989637,0,0.376853269524793,1.3471306495747,-0.41096810733736766,-0.8177304291684967,1
21108533,1,2475,448,23,555837.16,0,1,False,PV,0,0.3306107652809897,1,0.6,0,0.1735359881240719,0,0.2681174794908944,0,0.3110589440570052,1.2772204189007605,-0.6406845597941191,-1.306163846146867,0
21345947,1,1513,617,24,907121.07,13,1,False,PV,1,0.5856329112314785,0,0.4,1,0.708924544819407,1,0.8758938305116073,1,0.5966656868406786,1.5388668611818068,-0.6156718037060989,-1.0471401329457062,1
21109419,0,2475,97,5,9119874.43,0,1,False,PV,0,0.4667003887041104,0,0.2,0,0.2854897221361551,0,0.4663328387775965,0,0.2695159331059129,0.026452354658268173,-1.537564726994355,0.1733770600361316,2
21108560,0,2475,28,201,25614836.46,1,1,False,PV,0,0.0032994267920193,0,0.0,0,0.0069268903899047,0,0.0075361374614921,0,0.0070185274982745,-0.9892364465330675,0.6333617591805433,0.7195133471183248,3
21110074,0,2475,42,37,7958116.64,1,1,False,PV,0,0.2919114343812651,0,0.4,0,0.1863909611571502,0,0.2744899781019623,0,0.1711368403426027,-0.6577883775878661,-0.3612727952188458,0.10131605324522851,2
21428173,1,1288,615,141,3227298.49,1,1,False,OI,1,0.5971338388394198,0,0.2,1,0.7980078802215904,1,0.9270320900524603,1,0.5539642193346568,1.536212795473594,0.4249917311485504,-0.3759824405741935,1
21109190,0,2475,28,337,92687244.39,3,2,False,OI,0,0.0006280602449717,0,0.2,0,0.0357655845676433,0,0.0040997389270481,0,0.0527642063151012,-0.9892364465330675,0.937077918262162,1.399626527889934,5
21108255,1,2475,869,11,364550.19,4,1,False,OI,0,0.4942003270110507,1,0.8,1,0.7650177907268336,1,0.8108044354561038,1,0.6675189847333871,1.81882283591203,-1.0741796162522352,-1.529232371534343,0
21107297,1,2475,304,41,3111616.16,0,2,False,PV,0,0.153457886010049,0,0.2,0,0.2137852293277459,0,0.1072157084427918,0,0.2740837688903237,0.9602408961594864,-0.3009418135595539,-0.3952865865957617,1
21108769,0,2475,28,337,118344445.94,12,2,False,PV,0,0.000183080943935,0,0.2,0,0.0070245538835381,0,0.0009818884587721,0,0.0513645563927101,-0.9892364465330675,0.937077918262162,1.5288571858691813,5
21266331,1,2010,354,155,9240540.44,4,1,False,PV,0,0.0354836555045602,0,0.2,0,0.0660541384019266,0,0.0917395276889187,0,0.2411891481370667,1.0847135947410909,0.48062753175024553,0.18032824693407584,1
21338821,0,1568,196,268,4870673.3,11,1,False,PV,0,0.0057121076779002,0,0.0,0,0.0510441906648715,0,0.0401099917940368,0,0.0153948940333563,0.6014507626686588,0.8024356948211496,-0.15832091568765236,1
21277813,1,1937,881,2,115185.8,0,1,False,OI,1,0.6921849348873097,1,1.0,1,0.9235231704196544,1,0.9975345501697208,1,0.9094425197076266,1.8300337753319211,-2.076078923964143,-2.1385126580916034,0
21109120,0,2475,123,36,8792739.48,0,2,False,PV,0,0.2180295183064363,0,0.4,0,0.1146719506225696,0,0.3984571415226422,0,0.2072006554638125,0.22057532754830594,-0.3773754753720429,0.15405886612151284,2
21345669,1,1518,820,10,8091955.14,0,1,False,PV,1,0.9571100227254404,1,0.8,1,0.9750657329411448,1,0.9986242584492472,1,0.9200231138733492,1.7713789428868496,-1.1301944630196925,0.11013596822823515,0
21465818,0,1245,166,148,2921024.75,10,1,False,OI,0,0.0828260189039114,0,0.2,0,0.143303544709488,0,0.2162558040310275,0,0.089667512940332,0.4656500995536506,0.4534677327304792,-0.42871306749018345,1
21336359,0,1602,28,646,47154867.89,112,4,False,PV,0,5.154839269451115e-07,0,0.0,0,0.0182904573774041,0,9.760804804263329e-05,0,0.000114540708103,-0.9892364465330675,1.3195112451593776,1.0422431579635016,5
21489385,0,1146,42,190,7310433.02,0,1,False,PV,0,0.036971541133406,0,0.0,0,0.1682844210619432,0,0.1836102344594545,0,0.054505345379781,-0.6577883775878661,0.6002848894770527,0.0564233173634013,3
21108680,0,2475,32,153,20162233.33,4,1,False,PV,0,0.0196782833948535,0,0.2,0,0.0221574288022566,0,0.0458746710101749,0,0.0898565527209271,-0.8800810066594229,0.472994813305407,0.5929311100795397,3
21300713,0,1804,40,111,7274179.7,7,1,False,PV,0,0.1515543765240889,0,0.2,0,0.1010135714969028,0,0.3347191357986497,0,0.112065666902492,-0.6976719714510491,0.28439379708987284,0.053794235990040906,3
21501722,1,1119,670,29,390753.57,2,1,False,PV,1,0.5729795488418044,0,0.4,1,0.7202680562074972,1,0.7753530579047014,1,0.5696501753548633,1.6062319688437745,-0.5044521875697923,-1.4925244119780017,0
21109399,0,2475,28,33,15050212.88,0,1,False,PV,0,0.255991695414552,1,0.6,0,0.1767936400634889,0,0.2032885595711497,0,0.1646332264399888,-0.9892364465330675,-0.4285130239435167,0.43828964218407257,2
21108525,0,2475,66,13,2650110.47,0,1,False,PV,0,0.4018498770610479,0,0.4,0,0.2001632152683374,0,0.3344905946285795,0,0.2002973928814471,-0.2883124511497523,-0.9760000831373428,-0.480186262404106,0
21110072,1,2475,731,27,1652865.77,0,1,False,PV,0,0.4107284746100156,1,0.6,1,0.6554255437888946,1,0.7244080587545733,1,0.5355204307155429,1.6774612179767092,-0.5464494110126492,-0.72984439239743,1
21107590,1,2475,741,17,305959.49,2,1,False,PV,0,0.4626054924214096,1,0.8,1,0.675145202079457,1,0.7513595628402265,1,0.6717624759024072,1.6885680671055407,-0.8183383713120302,-1.6218903747132738,0
21109900,0,2475,91,412,47928557.57,4,1,False,PV,0,7.606234165591976e-05,0,0.0,0,0.0069600031643242,0,0.0020281543257748,0,0.0010109044467526,-0.025743128173757186,1.055172824835868,1.0508495637841133,5
21345274,0,1523,60,30,6391343.03,6,1,False,OI,0,0.4708573900515749,0,0.4,0,0.1775350849419876,0,0.3622923106943822,0,0.2536708932182191,-0.366223902505848,-0.4845278707109739,-0.01462995136030412,2
21315112,0,1769,253,31,3846067.91,0,1,False,PV,0,0.3097507148932478,0,0.2,0,0.0920689781086205,0,0.2640921606489274,0,0.1359597092762973,0.8101255600683062,-0.4652569291942047,-0.2832216487925247,1
21109800,1,2475,901,5,280840.31,0,1,False,OI,1,0.525841551271929,1,0.8,1,0.8337791427321133,1,0.9400938442460778,1,0.6720817520254764,1.848383625963569,-1.537564726994355,-1.667193820528395,0
21319311,1,1734,637,64,2387429.53,0,1,False,OI,0,0.3779057981658141,1,0.8,1,0.6415747590342374,1,0.8119193041194962,1,0.5303518294836161,1.5649440810279696,-0.03922760409083018,-0.5353882092787378,1
21362455,0,1442,302,3,2025502.26,0,2,False,PV,1,0.6309899968096603,1,0.8,1,0.5763516639146886,1,0.7889439536966183,1,0.5984595648341933,0.95484515696477,-1.8377825956300864,-0.6223284726531089,0
21107290,0,2475,28,309,33831989.49,9,1,False,PV,0,0.0012190968837908,0,0.0,0,0.0363740359941154,0,0.0091664050574022,0,0.0043338950413247,-0.9892364465330675,0.8860988891952617,0.8666538051999076,3
21107446,0,2475,215,860,76662736.9,2,2,False,OI,0,5.387815553106783e-09,0,0.0,0,0.0069600031643242,0,1.0306562157412212e-05,0,8.686257291196769e-06,0.6770841312126238,1.4876747064743712,1.299245644017436,5
21319853,0,1726,272,10,1448444.69,0,1,False,OI,1,0.5570172888680146,1,0.6,0,0.3768256532854375,0,0.3737638056405297,0,0.4481353230326357,0.8693193316714938,-1.1301944630196925,-0.799661336182612,0
21107383,0,2475,28,799,103198659.55,19,1,False,PV,0,4.1516714023638296e-08,0,0.0,0,0.0353312082469985,0,9.193162103218894e-05,0,2.766499339673236e-05,-0.9892364465330675,1.4444359554666066,1.4564366372557374,5
21109494,0,2475,33,41,2524222.02,1,2,False,PV,0,0.305803457146786,0,0.4,0,0.2716421501331715,0,0.4433236790138552,0,0.2250674082934563,-0.854926667508209,-0.3009418135595539,-0.5059238309474766,2
21107478,0,2475,50,88,8907987.02,12,1,False,OI,0,0.1543932667341924,0,0.0,0,0.3024195017125006,1,0.5105064333034288,0,0.1221540553164791,-0.5152629362426754,0.14793117567175254,0.1609453408789795,3
21107345,0,2475,28,719,64594857.31,19,2,False,PV,0,1.7521189977023305e-07,0,0.0,0,0.0357655845676433,0,3.4723243506922064e-05,0,3.797863524701199e-05,-0.9892364465330675,1.3824326807847647,1.2086662631684801,5
21338808,0,1568,216,95,6189555.95,13,2,False,PV,0,0.1658942692680938,0,0.2,0,0.0671589606651277,0,0.1183537051913386,0,0.0956605249662632,0.6808774165346382,0.19291462550239014,-0.031595549547016856,1
21466091,1,1245,637,80,5598029.03,0,1,False,PV,1,0.8430670392172178,1,0.8,1,0.8930441134708356,1,0.959511507474476,1,0.7141681417126644,1.5649440810279696,0.09191632890429481,-0.08471638304100773,1
21108488,0,2475,28,933,79067321.22,45,1,False,OI,0,1.2055457505905043e-09,0,0.0,0,0.0069600031643242,0,6.699563477315589e-06,0,4.56957053939494e-06,-0.9892364465330675,1.5355571789116869,1.3155781314840131,5
21108735,0,2475,32,266,10968439.74,2,1,False,PV,0,0.0009638139951761,0,0.0,0,0.0079776928334908,0,0.0065193583590521,0,0.0041005926108646,-0.8800810066594229,0.7980333442017771,0.2709820346847839,3
21107250,1,2475,471,45,2354127.31,0,1,False,PV,0,0.288811994474069,1,0.8,0,0.2886663319977604,0,0.4377389934261568,0,0.4027804746949213,1.3181460161173204,-0.24623154237691788,-0.5428168544771834,1
21109036,1,2475,774,2,448887.08,0,1,False,PV,1,0.9328046105805692,1,1.0,1,0.9449846930233003,1,0.9999812828086344,1,0.9589717880116636,1.72418545025311,-2.076078923964143,-1.4191780229460664,0
21108383,0,2475,41,48,10201412.56,0,1,False,PV,0,0.2056362195639832,0,0.2,0,0.1938178219280777,0,0.1735823915376078,0,0.106944346103122,-0.6774869577553518,-0.20830153973143628,0.23264369277167543,2
21107500,0,2475,28,1050,135322661.95,62,24,False,OI,0,1.2292806188492958e-10,0,0.0,0,0.0074677382111088,0,7.771608135120758e-06,0,2.062776457642465e-06,-0.9892364465330675,1.6049895059026507,1.5997541964996258,5
21109277,1,2475,630,7,2729369.6,1,1,False,OI,1,0.5153049708773727,1,0.6,1,0.8288180936700517,1,0.8445916069475526,1,0.5926339976185604,1.55591137564108,-1.339816272269631,-0.4646018412136216,0
21346596,1,1505,881,2,2693372.64,0,1,False,OI,1,0.9635315481499416,1,1.0,1,0.9835516616584612,1,0.9999941501281708,1,0.978058166258716,1.8300337753319211,-2.076078923964143,-0.47162291429834047,0
21339424,1,1561,337,82,1449226.7,2,1,False,PV,0,0.2940362205090541,1,0.8,1,0.6084902156919051,1,0.7853284754178953,1,0.5052488035442179,1.044483549709324,0.10642845041510869,-0.7993758971012114,1
21465816,1,1245,546,9,236241.64,0,1,False,OI,1,0.5753714099026717,1,0.8,0,0.4920886893564048,1,0.7109744959565292,1,0.6054500997635766,1.4389333734883585,-1.1921160033213678,-1.758645818800998,0
21107440,0,2475,36,174,7794119.189999999,12,1,False,PV,0,0.0161550033295797,0,0.0,0,0.0578935832465038,0,0.1714673704807496,0,0.0196905600061997,-0.7837990851274774,0.5485846687135889,0.09030418940842296,3
21218949,0,2328,28,265,39870618.64,1,1,False,PV,0,0.0032018747904051,0,0.0,0,0.0170143390543246,0,0.0194340017528946,0,0.0104675829003985,-0.9892364465330675,0.7958197406069243,0.9535059175367239,3
21341695,1,1537,706,67,2550411.19,0,1,False,PV,1,0.8701208871808274,0,0.4,1,0.8924562396104673,1,0.9791066139054024,1,0.6866313024496483,1.6490153582984999,-0.01230483312817566,-0.5004653577287927,1
21107330,0,2475,47,121,9331678.02,0,1,False,PV,0,0.0218485647341765,0,0.2,0,0.0354941911385402,0,0.0529794803538479,0,0.0790707684972873,-0.565843079064962,0.33508995543433473,0.18551848699765391,3
21107522,0,2475,223,31,6080737.88,0,1,False,OI,0,0.2308114865023627,0,0.4,0,0.1132019265714775,0,0.2968302575331769,0,0.0907450145301604,0.7069486952324013,-0.4652569291942047,-0.04097565439801588,1
21107543,0,2475,43,438,110630086.27,3,4,False,OI,0,4.330093454177462e-05,0,0.0,0,0.0069600031643242,0,0.0014011221613584,0,0.0007472373008981,-0.6385533367126638,1.091138132852378,1.4932098273779206,5
21253841,1,2133,354,6,1788331.84,1,1,False,PV,0,0.4772921938750577,1,0.6,0,0.4811611042265595,1,0.7636032603500442,1,0.5039985650760191,1.0847135947410909,-1.430412331655424,-0.6881866567574673,0
21370238,0,1422,41,215,3629005.56,3,2,False,OI,0,0.0057755798109869,0,0.0,0,0.0382145437839873,0,0.0405988434123874,0,0.0223464789894292,-0.6774869577553518,0.6729341785250459,-0.31394307674219357,2
21109016,0,2475,47,92,1494830.06,0,1,False,PV,0,0.0587602996122215,0,0.2,0,0.0154952073551351,0,0.0623802598602121,0,0.0298777031796877,-0.565843079064962,0.17405596815520613,-0.7829913043031062,2
21108125,0,2475,302,8,665602.47,0,2,False,OI,0,0.4239080423155184,1,0.6,0,0.227736047134589,0,0.3450969084482171,0,0.2604409511345555,0.95484515696477,-1.2613383960148177,-1.210858654850601,0
21107343,0,2475,40,286,48766121.11,5,3,False,PV,0,0.001307846127895,0,0.0,0,0.0178298250618371,0,0.0197544354998094,0,0.0065181950447829,-0.6976719714510491,0.8406397525238897,1.060011268744901,3
21109876,0,2475,28,171,13017890.92,5,1,False,PV,0,0.0060545237198235,0,0.0,0,0.0069268903899047,0,0.0115852563690754,0,0.0097890361806541,-0.9892364465330675,0.5383633491753776,0.3615728594157471,3
21109782,0,2475,31,321,28399834.41,2,1,False,PV,0,0.0008957911916434,0,0.2,0,0.03566792107401,0,0.005471774424288,0,0.0534263732123629,-0.9060340283558895,0.9084905901966215,0.7740952520350307,3
21107235,1,2475,538,64,1575437.77,1,1,False,OI,0,0.1875895241614978,1,0.6,0,0.262303242985341,0,0.2059569223858386,0,0.3424192568756363,1.4268674493335507,-0.03922760409083018,-0.7552165397330404,1
21425332,0,1316,28,507,11195733.9,9,1,False,PV,0,3.499241849258765e-05,0,0.0,0,0.0504722089196276,0,0.0009541674327492,0,0.0008024359033558,-0.9892364465330675,1.177115613972839,0.2818288490859847,3
21438188,0,1268,31,14,1696770.87,0,1,False,PV,1,0.6269258730588341,0,0.4,0,0.3624956288807129,1,0.6957391800841638,0,0.44125484541015,-0.9060340283558895,-0.9324460082949685,-0.7159802696117405,0
21466016,0,1245,174,11,974741.81,0,1,False,OI,1,0.5650250216320611,1,0.6,0,0.328792916121934,0,0.4469645112183994,0,0.3992698324531322,0.5041255078488939,-1.0741796162522352,-1.0091186357082638,0
21425302,0,1316,40,229,11878556.15,1,1,False,PV,0,0.0074827565019284,0,0.0,0,0.0183893885659535,0,0.015531668226709,0,0.0113295496008876,-0.6976719714510491,0.7100093285694217,0.3131369256419787,3
21264548,0,2035,120,8,1284153.65,0,1,False,PV,1,0.5674083212033676,0,0.4,0,0.4025762656134822,0,0.4049218912241222,0,0.3735036037218174,0.20039031385260905,-1.2613383960148177,-0.8633280504031174,0
21494984,0,1134,32,104,1075007.76,8,1,False,PV,0,0.1542538854015992,0,0.0,0,0.0657080594191426,0,0.0907035276017659,0,0.0925805688068033,-0.8800810066594229,0.24611070878664487,-0.9573401110430446,2
21482138,0,1187,28,88,18622048.83,3,1,False,PV,0,0.0634260231944778,0,0.0,0,0.0482499700010201,0,0.046309604116908,0,0.0505368132661439,-0.9892364465330675,0.14793117567175254,0.5509072740816249,3
21334568,0,1615,32,191,5236193.01,2,1,False,PV,0,0.0152826014446667,0,0.0,0,0.0212936181542283,0,0.0322031299848749,0,0.028708940958114,-0.8800810066594229,0.6033699939873356,-0.1200530728631279,3
21502263,0,1117,34,121,3177238.16,4,1,False,PV,0,0.0717588749695527,0,0.4,0,0.0324320775350096,0,0.0638142099068893,0,0.1553236099854098,-0.8305233174038775,0.33508995543433473,-0.38424976705303066,2
21109470,1,2475,334,57,11515935.12,2,2,False,OI,0,0.2574794525394314,1,0.8,0,0.4279147756222154,1,0.5660047673621008,0,0.4388927487287836,1.0371739494095098,-0.1073032431333412,0.29674143503039646,1
21113554,0,2475,214,24,3932915.86,0,1,False,OI,0,0.4040187925020925,0,0.4,0,0.2776515913844247,1,0.5835167671371899,0,0.2919800544726295,0.6732731615128434,-0.6156718037060989,-0.2714128695988223,1
21480215,0,1203,71,223,9557967.59,2,2,False,PV,0,0.0139593484509793,0,0.0,0,0.0503745454259943,0,0.0180548910644952,0,0.0200954695994381,-0.22861794353088422,0.694405463531648,0.1981895121832596,1
21107336,0,2475,28,400,44112907.89,2,5,False,PV,0,0.000154472056046,0,0.0,0,0.0357655845676433,0,0.0012753641522963,0,0.0011908886956863,-0.9892364465330675,1.0378007898487451,1.0069778907813332,3
21338048,0,1580,28,125,1135304.62,25,1,False,PV,0,0.0998809151891064,0,0.4,0,0.0593547164433858,0,0.1062396252993586,0,0.175405284978431,-0.9892364465330675,0.3542041948945453,-0.9284799295510879,2
21107300,0,2475,224,48,3969028.33,0,2,False,OI,0,0.2711866249602404,0,0.2,0,0.2641041577491808,0,0.3983359522789901,0,0.152966777866877,0.7106062025423034,-0.20830153973143628,-0.2665792050198429,1
21108983,1,2475,795,1,373949.77,0,1,False,PV,1,0.5468365664516875,1,1.0,1,0.9033918455059068,1,0.998058401487221,1,0.870577992174705,1.7460688245031424,-2.483449187938805,-1.5157696867705428,0
21108196,0,2475,78,6,593813.25,0,2,False,PV,0,0.4084146976327803,0,0.0,0,0.2413481603012811,0,0.3296369577393152,0,0.1585232541953602,-0.15175383571336823,-1.430412331655424,-1.271213398982487,0
21339360,1,1561,376,332,15054389.04,102,2,False,PV,0,0.0021277370230199,0,0.2,1,0.5558143665154801,0,0.2246925450184589,0,0.2867389498677755,1.1339995700104093,0.928292836007199,0.4384363639325969,1
21256643,0,2086,60,39,2105642.89,0,1,False,OI,0,0.2917475451469822,0,0.4,0,0.2128021620331507,0,0.1575907966300843,0,0.2311342881689284,-0.366223902505848,-0.33033349082862407,-0.6018080152915125,2
21218577,1,2336,502,17,1053254.98,0,1,False,PV,1,0.5811699626639746,1,1.0,0,0.3307383662035944,1,0.6796823874816332,1,0.6647073991187803,1.3702520318958749,-0.8183383713120302,-0.968150838040202,0
21480313,1,1201,959,2,313411.4,0,1,False,OI,1,0.7034914483339624,1,1.0,1,0.9379558969409424,1,0.999985693439173,1,0.917682432013484,1.8993810071238841,-2.076078923964143,-1.609164489003537,0
21107433,0,2475,28,855,173674117.4,2,6,False,PV,0,6.6509316462698365e-09,0,0.0,0,0.0110469669164721,0,1.657143975264406e-05,0,7.410979136078604e-06,-0.9892364465330675,1.4842478101198273,1.731708405798683,5
21486763,0,1160,28,379,10495223.4,7,1,False,PV,0,0.0003484499857183,0,0.0,0,0.0607025632907564,0,0.0003859589651373,0,0.0066422441433762,-0.9892364465330675,1.0061065068121764,0.24765945841512607,3
21487379,1,1154,698,9,3120374.52,0,1,False,OI,1,0.671772296503912,1,1.0,1,0.8873427324955964,1,0.995534165296411,1,0.8405449100647537,1.639699570640198,-1.1921160033213678,-0.39380014950478165,0
21107565,0,2475,45,96,12486292.09,1,1,False,PV,0,0.0908500880358617,0,0.0,0,0.0388184194723879,0,0.0909110470945017,0,0.050819853238528,-0.6013900499191037,0.19906872424322608,0.3395240188697207,3
21108119,0,2475,98,13,1085616.14,0,1,False,PV,0,0.3970237841785856,0,0.4,0,0.2001632152683374,0,0.3266936830745697,0,0.1975689731637597,0.03483654631020242,-0.9760000831373428,-0.9521470475464012,0
21362922,0,1435,250,20,2688143.98,0,1,False,OI,1,0.504492046255938,0,0.4,0,0.1767899631938816,0,0.3398497330483734,0,0.2189564591373614,0.8003745316826123,-0.7228241990450301,-0.47265054271151036,0
21109065,0,2475,36,216,12175739.99,2,1,False,OI,0,0.008514172270242,0,0.0,0,0.0358488489863245,0,0.0238283617441906,0,0.012800486156757,-0.7837990851274774,0.6756613809113386,0.32620479805162567,3
21108650,0,2475,32,174,13931393.21,3,1,False,PV,0,0.0154559025861617,0,0.0,0,0.0363194866012799,0,0.0176255069880343,0,0.0169087324478201,-0.8800810066594229,0.5485846687135889,0.3974385400766371,3
21362948,1,1435,334,123,6809460.34,0,1,False,PV,1,0.6652582043327543,1,0.6,1,0.7842791090714806,1,0.9542096870593928,1,0.6894321379164439,1.0371739494095098,0.34472477874916446,0.018881507164141376,1
21107361,0,2475,33,201,6917763.63,25,1,False,PV,0,0.0143589601951778,0,0.0,0,0.0620793223434001,0,0.1050738142700738,0,0.0215180467883648,-0.854926667508209,0.6333617591805433,0.027226350585014727,3
21236001,0,2269,64,52,3295825.46,1,1,False,OI,0,0.2636920256071849,1,0.8,0,0.1273296158221426,0,0.3751918587220097,0,0.2247545218405288,-0.3134667903009662,-0.16125955518801746,-0.36487095501482913,2
21107278,0,2475,34,184,17112738.11,0,1,False,PV,0,0.0104146619881551,0,0.0,0,0.0175464664236523,0,0.033680066847508,0,0.0195009427972,-0.8305233174038775,0.5814262321298688,0.5062084437542791,3
21107558,1,2475,946,1,142999.76,1,1,False,OI,1,0.5468365664516875,1,1.0,1,0.9033918455059068,1,0.998058401487221,1,0.870577992174705,1.8882240152856338,-2.483449187938805,-2.024127494641479,0
21339081,0,1565,81,50,2390664.95,0,1,False,PV,0,0.4494455961234923,0,0.4,1,0.5939905790789644,1,0.8328015574945816,0,0.3204841428591677,-0.12090294723707458,-0.18431000207524256,-0.5346720225818112,2
21264572,1,2035,363,122,17494425.5,0,1,False,PV,1,0.6095201546267229,1,0.6,0,0.4733633435356841,1,0.7606837985862466,1,0.5853947508019783,1.1052364681316316,0.33992711080323773,0.5178741132233836,1
21109452,0,2475,71,118,29774260.57,3,1,False,PV,0,0.0662015507979035,0,0.4,0,0.0383840431517431,0,0.0933417728339893,0,0.0453634504918763,-0.22861794353088422,0.32033492792310464,0.799088508967991,2
21107453,1,2475,434,58,3199072.73,0,1,False,PV,0,0.1959828115462902,1,0.8,0,0.2674823894447349,0,0.1850394956447275,0,0.4009518542230551,1.2512673972042943,-0.09708192359512995,-0.3806279450072232,1
21108270,0,2475,28,123,7885180.95,1,1,False,PV,0,0.0626281350079804,1,0.6,0,0.0452245628129876,0,0.1109136248065107,0,0.1980766780057802,-0.9892364465330675,0.34472477874916446,0.09644696287858072,3
21108386,1,2475,658,5,817858.47,0,1,False,PV,1,0.928724670327565,1,0.8,1,0.93538658246924,1,0.9997938096002384,1,0.8517122988115521,1.5914583464952219,-1.537564726994355,-1.1019203729429579,0
21108494,0,2475,28,266,6376225.7,0,2,False,PV,0,0.0031115835521067,0,0.0,0,0.0352335447533651,0,0.0176531892037109,0,0.0075524072761034,-0.9892364465330675,0.7980333442017771,-0.015882277203124365,3
21484147,1,1175,791,3,0.0,3,1,False,PV,1,0.6059832685404923,1,1.0,1,0.6578369886418105,1,0.9961674282553568,1,0.7943600010713294,1.741945478963335,-1.8377825956300864,-8.30171624351203,4
21109635,1,2475,710,4,8841999.11,0,1,False,OI,1,0.5311018113700912,1,0.8,1,0.8793787974512205,1,0.9755787229813564,1,0.7393706716488428,1.653633740752861,-1.66870865998948,0.1570132947256884,0
21107434,0,2475,46,191,28761423.54,5,1,False,OI,0,0.0112699719179784,0,0.0,0,0.03566792107401,0,0.0140940624348626,0,0.0122323936400243,-0.5834233592130775,0.6033699939873356,0.7807859223775266,3
21107420,0,2475,28,740,102416022.73,8,8,False,PV,0,6.273434783001654e-08,0,0.0,0,0.0069600031643242,0,1.99817706223983e-05,0,2.4770743782367248e-05,-0.9892364465330675,1.3993521936749294,1.4524107788055127,5
21108199,0,2475,28,215,37569832.23,2,1,False,PV,0,0.0866593829830618,0,0.0,0,0.2898644174657608,0,0.1202931548646151,0,0.0931072421776609,-0.9892364465330675,0.6729341785250459,0.9220728681254825,3
21108628,1,2475,675,50,953349.5,1,2,False,PV,0,0.2065294396041784,0,0.2,1,0.5684129078100999,1,0.6738169511386833,0,0.3466206587781384,1.6123097033098428,-0.18431000207524256,-1.0208540427703001,1
21291620,1,1834,525,8,3936324.48,0,1,False,OI,0,0.0470694468455552,1,0.8,1,0.5233700384706301,1,0.999822355700013,1,0.5074404883155963,1.4068723419042524,-1.2613383960148177,-0.2709547318725404,0
21108625,0,2475,42,29,3019666.03,0,1,False,PV,0,0.3723581880282132,0,0.4,0,0.2786983510123055,1,0.5336220869039581,0,0.2147668831681761,-0.6577883775878661,-0.5044521875697923,-0.4111495329365468,2
21483898,0,1177,105,23,2245977.96,2,1,False,PV,0,0.4484554730137008,0,0.4,0,0.1762891696678659,0,0.2368146440525438,0,0.2992977758375718,0.09123487397896443,-0.6406845597941191,-0.5676874639923617,0
21266896,1,2003,820,4,164098.71,0,1,False,OI,1,0.6831172383791542,1,0.8,1,0.9050751593057634,1,0.985777109536864,1,0.7958237230953527,1.7713789428868496,-1.66870865998948,-1.9513464690741433,0
21427477,0,1292,272,13,3489879.62,1,1,False,OI,0,0.3657180902035983,0,0.2,0,0.2783864936215273,0,0.340335638788677,0,0.2010935812345397,0.8693193316714938,-0.9760000831373428,-0.3346159896158646,0
21107387,0,2475,29,581,33484175.74,21,1,False,PV,0,4.10178297232609e-06,0,0.0,0,0.0353312082469985,0,0.000799923649429,0,0.0002489770139199,-0.9605509938132214,1.2571852237270482,0.8611889143212572,3
21337411,0,1589,28,586,26206098.85,46,1,False,PV,0,1.9973080040128018e-06,0,0.0,0,0.0182904573774041,0,0.0003391646892713,0,0.0002505882564601,-0.9892364465330675,1.2622213390300234,0.7315815917425308,3
21438333,0,1267,31,691,15604907.02,6,2,False,PV,0,3.942351749092706e-07,0,0.0,0,0.014077522273246,0,9.12383325549255e-05,0,9.283799612883654e-05,-0.9060340283558895,1.359087895974425,0.4574299190060886,3
21108423,1,2475,831,1,156140.0,0,1,False,PV,1,0.5468365664516875,1,1.0,1,0.9033918455059068,1,0.998058401487221,1,0.870577992174705,1.782271856002481,-2.483449187938805,-1.9776375559419102,0
21154584,0,2447,28,862,30733459.52,20,1,False,PV,0,6.624932276772154e-09,0,0.0,0,0.0074677382111088,0,6.057090709866983e-05,0,1.395626923732372e-05,-0.9892364465330675,1.489039889572873,0.8158566353969109,3
21487232,0,1155,235,66,3725868.64,6,1,False,OI,0,0.307017441490943,0,0.4,0,0.1661626453299733,0,0.1934451969348695,0,0.2557014289130123,0.749794388860326,-0.021142759968854327,-0.3000128435328425,1
21107518,0,2475,153,17,16307496.24,0,1,False,PV,0,0.2880921292134511,1,0.8,0,0.2069119160980384,0,0.2065245499691826,0,0.3281303452961334,0.3989870368449817,-0.8183383713120302,0.48071953916196614,2
21218959,0,2328,47,121,14873311.63,7,3,False,OI,0,0.1046095402489745,0,0.4,0,0.0644697978195363,0,0.0908649275981993,0,0.1256041252358848,-0.565843079064962,0.33508995543433473,0.43203685760354293,3
21221368,0,2295,28,334,24350070.51,2,2,False,PV,0,0.0010217272456026,0,0.2,0,0.0523134749592376,0,0.0019406606545516,0,0.0541445424977082,-0.9892364465330675,0.9318226427718612,0.6927347317895169,3
21107322,0,2475,28,913,130483268.65,21,1,False,PV,0,3.2884308135241613e-09,0,0.0,0,0.0357655845676433,0,1.1318456657339864e-05,0,6.8292753270797074e-06,-0.9892364465330675,1.522821879744444,1.580495606123272,5
21108737,0,2475,106,56,2488265.02,0,1,False,PV,0,0.2419611169902975,1,0.8,0,0.3195021224506187,0,0.3976733772972401,0,0.3678082888002207,0.09898328763265286,-0.11770548034564299,-0.5135111419768494,2
21107389,0,2475,28,1384,305905509.01,9,4,False,PV,0,8.077817367503396e-14,0,0.0,0,0.0110469669164721,0,2.5004335972885438e-08,0,2.8037672976101817e-08,-0.9892364465330675,1.7673080676310324,2.031079619858013,5
21107733,0,2475,28,747,131545424.39,10,2,False,OI,0,6.839587709874918e-08,0,0.0,0,0.0064319923693817,0,0.0001003419630223,0,3.669018963632327e-05,-0.9892364465330675,1.4048854926753116,1.5847829861377327,5
21107253,0,2475,112,79,23041842.85,2,2,False,OI,0,0.0961868685563348,0,0.4,0,0.0517660031868762,0,0.2304393946186388,0,0.1633980390307934,0.14399198618384632,0.08452363948449694,0.6635309104377011,2
21478397,1,1225,496,123,9676085.27,4,2,False,OI,0,0.1424547662226102,1,0.6,0,0.3249814711657677,0,0.3909021731364905,0,0.4250221844347359,1.3604228370779388,0.34472477874916446,0.20468482113376188,1
21107469,1,2475,640,55,1526078.68,1,1,False,PV,0,0.1766700662756359,1,0.8,1,0.5702679309341335,1,0.5954532158819705,0,0.4674938382349134,1.5687848939827789,-0.1282951553077851,-0.772050254914692,1
21108659,0,2475,134,7,12055408.94,2,2,False,OI,1,0.5082369221444638,0,0.4,1,0.6116952679005419,1,0.7978756715617408,0,0.4160159054944573,0.2905945009184865,-1.339816272269631,0.3209524013469061,2
21374113,0,1378,131,42,8425123.79,2,1,False,OI,0,0.3759611398678277,0,0.2,0,0.1807831228680634,0,0.245768469785451,0,0.2158410916327174,0.27208537388198073,-0.2867794159862496,0.1314732969152135,2
21274716,1,1952,469,44,1602977.86,0,1,False,PV,0,0.4578475300198147,1,0.8,0,0.4100560501460335,1,0.7309003094784574,0,0.4847137611841983,1.3146674937617562,-0.25943908830291035,-0.7460518917746962,1
21477390,1,1237,517,2,1048080.25,0,1,False,OI,1,0.6110121389606762,1,1.0,1,0.6837225988190763,1,0.998269393065624,1,0.8655690366757679,1.3943200565748788,-2.076078923964143,-0.9707554527054578,0
21107240,0,2475,97,24,6837522.64,0,1,False,OI,0,0.3962430570855105,0,0.4,0,0.2642729246500735,1,0.5396882188939875,0,0.2765335755159609,0.026452354658268173,-0.6156718037060989,0.02105639806357919,2
21107811,0,2475,200,80,3890651.03,0,1,False,OI,0,0.1440291947299886,0,0.4,0,0.0825159645208741,0,0.1894894305367674,0,0.1796792460356198,0.6179654964742385,0.09191632890429481,-0.2771267191634008,1
21107348,0,2475,28,219,15455030.8,13,1,False,PV,0,0.0097629659336779,0,0.0,0,0.0595744771199787,0,0.0830727900493273,0,0.0171017075032761,-0.9892364465330675,0.6837678688777153,0.45232621157253705,3
21131146,0,2475,41,257,11902049.18,6,2,False,PV,0,0.0025045137101177,0,0.0,0,0.0149095977264216,0,0.0475566517317941,0,0.0081952429166716,-0.6774869577553518,0.777804197948344,0.31418180589096706,3
21107407,0,2475,28,335,19022258.08,7,1,False,PV,0,0.0001872302764574,0,0.2,0,0.0070245538835381,0,0.0009026230306881,0,0.051346788125719,-0.9892364465330675,0.9335796278162746,0.5621521438556649,3
21493485,0,1142,48,6,1044868.27,0,1,False,OI,0,0.1442960346852911,1,0.8,0,0.3323991171338493,0,0.1555165687595132,0,0.2833475553661417,-0.5486329377142215,-1.430412331655424,-0.9723786259590381,0
21107687,0,2475,28,99,6997605.23,1,1,False,PV,0,0.1006377192178108,0,0.0,0,0.0492727990433474,0,0.1506060059453736,0,0.0614030385169764,-0.9892364465330675,0.21715356836520194,0.03329496473178074,3
21481881,0,1191,231,22,2169681.69,2,2,False,PV,1,0.5297185144617933,0,0.4,0,0.1775810666042579,0,0.3210293023581784,0,0.2692309965085148,0.7357605416935173,-0.6668093522775727,-0.5859643073907679,0
21216509,0,2364,28,589,194276135.12,25,9,False,PV,0,7.587583356826409e-06,0,0.0,0,0.1088437133302785,0,0.0044961309618942,0,0.0031583097086883,-0.9892364465330675,1.2652224233025406,1.7909907489786858,5
21531514,0,2249,28,155,5303893.31,1,1,False,PV,0,0.0310775838799961,0,0.2,0,0.0357786057473212,0,0.036565873577592,0,0.1073339918547561,-0.9892364465330675,0.48062753175024553,-0.11325943099742955,3
21109747,0,2475,35,141,4415148.67,8,1,False,PV,0,0.0404734326209702,0,0.2,0,0.037499425679637,0,0.0601803340467366,0,0.0851260387825809,-0.8068274113246937,0.4249917311485504,-0.21024758893251072,2
21352046,1,1478,669,1,194994.49,0,1,False,OI,1,0.696664330176094,1,1.0,1,0.9235231704196544,1,0.9989626547254652,1,0.913103673268442,1.60501098053606,-2.483449187938805,-1.8601207443793988,0
21253648,0,2135,197,33,538010.28,2,1,False,OI,0,0.3195255112494316,0,0.4,0,0.0720332477712376,0,0.2496985788752572,0,0.1822664710743657,0.6056108302731181,-0.4285130239435167,-1.3234026564937655,0
21107798,0,2475,39,16,639956.42,0,1,False,OI,1,0.835101366130459,1,0.8,0,0.3114596184041461,1,0.8703881778346589,1,0.5581242138032053,-0.7183680520718253,-0.8539681320401552,-1.2316379178350794,0
21109122,0,2475,187,14,1653051.99,1,2,False,OI,0,0.4620257007379161,0,0.4,0,0.370545597832998,1,0.6556593953497626,0,0.3124559050300727,0.5630256018775062,-0.9324460082949685,-0.7297848145884241,0
21154162,0,2454,33,89,17346389.51,3,1,False,PV,0,0.1161172365496969,0,0.0,0,0.0435473682272124,0,0.134822294798959,0,0.0645497857313993,-0.854926667508209,0.15457204926352328,0.5133801256110407,3
21108604,0,2475,28,20,60254398.21,0,5,False,PV,0,0.3608738995424967,0,0.4,0,0.1715298338189361,0,0.3022361008149631,0,0.1371802475977223,-0.9892364465330675,-0.7228241990450301,1.1718809021046304,2
21375964,0,1356,66,66,7285454.69,1,2,False,PV,0,0.225809162593646,0,0.4,0,0.1662133553377577,0,0.1335094557564317,0,0.2253729084615914,-0.2883124511497523,-0.021142759968854327,0.054613296586680196,2
21110085,0,2475,31,163,18359067.43,5,2,False,PV,0,0.0329933223137491,0,0.0,0,0.0857589214742216,0,0.1974908612797729,0,0.0888815061275306,-0.9060340283558895,0.5102041401283435,0.5433858064901037,3
21109976,0,2475,40,261,12021050.45,0,1,False,PV,0,0.0010710606460886,0,0.0,0,0.0079776928334908,0,0.0068620242892899,0,0.0043456770503013,-0.6976719714510491,0.7868809970476452,0.3194430442773399,3
21109403,0,2475,28,35,3608498.53,0,1,False,PV,0,0.0514949846498644,0,0.0,0,0.2386400663798812,0,0.020057899160841,0,0.0926552778689684,-0.9892364465330675,-0.3939318113251809,-0.3169399291681179,2
21484876,0,1166,28,133,14968079.47,1,1,False,PV,0,0.0913207009963832,0,0.0,0,0.0609372371384687,0,0.0667600127776332,0,0.0693862015508623,-0.9892364465330675,0.39066308022711443,0.4353957309502716,3
21235620,0,2274,28,43,8722692.39,0,1,False,OI,0,0.3594649628480127,0,0.4,0,0.1827120338725779,0,0.2284610342285543,0,0.2051019609823321,-0.9892364465330675,-0.2729502824194041,0.14982904682764248,2
21428171,1,1288,690,56,942541.01,5,1,False,PV,1,0.899154047941629,1,0.8,1,0.9134923124794628,1,0.968037071123199,1,0.8405916605852339,1.6302763940158682,-0.11770548034564299,-1.0268838958186017,1
21326959,0,1660,28,89,8766210.77,3,3,False,OI,0,0.2106122348476994,0,0.2,0,0.0999449659999968,0,0.2855772372337345,0,0.1263964520594544,-0.9892364465330675,0.15457204926352328,0.1524608978017987,3
21107463,0,2475,46,592,83287491.96,11,2,False,OI,0,2.0305838654692803e-06,0,0.0,0,0.0097769653767426,0,0.0011485340799311,0,0.0002214112812057,-0.5834233592130775,1.2682082606798044,1.343076881009528,5
21263719,1,2038,771,2,195624.71,0,1,False,PV,1,0.6921849348873097,1,1.0,1,0.9235231704196544,1,0.9975345501697208,1,0.9094425197076266,1.7210108772534651,-2.076078923964143,-1.8584143114522074,0
21108698,0,2475,63,41,5708689.96,1,1,False,OI,0,0.2387854005273599,0,0.2,0,0.1767936400634889,0,0.1992792150815309,0,0.1656863663247285,-0.326340308642665,-0.3009418135595539,-0.07436444091798237,2
21484396,0,1173,47,296,34684290.73,7,1,False,OI,0,0.0030300945060386,0,0.0,0,0.0503745454259943,0,0.0087951725800063,0,0.0084692338176789,-0.565843079064962,0.8608379967051418,0.8798112633183236,3
21107364,0,2475,28,234,39494653.48,10,2,False,PV,0,0.0058419249722692,0,0.0,0,0.0358488489863245,0,0.0193564715571488,0,0.0103016023426746,-0.9892364465330675,0.7227033654547574,0.9484955383897735,3
21482356,0,1187,28,261,8671772.18,51,1,False,PV,0,0.0016630978836338,0,0.0,0,0.0170000226350428,0,0.0022477994827028,0,0.0052260140111951,-0.9892364465330675,0.7868809970476452,0.1467328353779786,3
21107355,0,2475,40,146,3510430.39,1,1,False,PV,0,0.0322171868356801,0,0.0,0,0.0373184977673225,0,0.0373363193479724,0,0.0756767994514961,-0.6976719714510491,0.44547154054365906,-0.33151098447332167,2
21330874,0,1635,36,78,3335030.0,1,1,False,PV,0,0.0334844127055815,0,0.4,0,0.0804910683865728,0,0.0215831534576785,0,0.0913388948272927,-0.7837990851274774,0.07703677314603853,-0.358617470013306,2
21108847,0,2475,36,238,8353763.22,10,1,False,PV,0,0.0017906900183983,0,0.0,0,0.0072182235006702,0,0.0106661013660548,0,0.0059758615372378,-0.7837990851274774,0.7326648083318069,0.12697500091239372,3
21107272,0,2475,34,366,46358090.8,2,2,False,PV,0,0.0002206929674674,0,0.0,0,0.00776219756847,0,0.0063703778321084,0,0.0019710349272678,-0.8305233174038775,0.9855937031119562,1.0332310621376881,5
21107439,0,2475,36,367,54718900.82,7,2,False,OI,0,0.0001844738496704,0,0.0,0,0.0069600031643242,0,0.0020284399161046,0,0.0014515303516135,-0.7837990851274774,0.9871972813500395,1.1209189782231492,5
21107896,0,2475,28,52,14074344.85,0,1,False,OI,0,0.2436480384685312,0,0.4,0,0.2793313985781498,0,0.3143689649780633,0,0.1724840099927931,-0.9892364465330675,-0.16125955518801746,0.40283732643858505,2
21278743,0,1926,28,495,17860324.9,12,1,False,PV,0,2.681811207801507e-05,0,0.0,0,0.0238962097056816,0,0.0031092070307094,0,0.0085498459192541,-0.9892364465330675,1.1630380293096523,0.5288207240635989,3
21107514,0,2475,110,57,6447653.63,8,1,False,OI,0,0.1556358072787103,1,0.8,0,0.1899911451300961,0,0.4303829568653071,0,0.3487752853873863,0.1292627314718779,-0.1073032431333412,-0.009991082402821597,2
21107944,1,2475,418,3,1199133.57,0,1,False,PV,0,0.4337092623124147,1,0.6,0,0.3861685759486442,0,0.3998444031451336,0,0.4512689260754564,1.2205613827239559,-1.8377825956300864,-0.8995535664704546,0
21375342,0,1364,28,366,18669293.53,1,2,False,PV,0,0.0002666696201936,0,0.0,0,0.0737485718548606,0,0.0191134549559646,0,0.0139904009494839,-0.9892364465330675,0.9855937031119562,0.552247245583084,3
21352679,0,1469,140,26,2043506.06,0,1,False,PV,0,0.4728543552211441,1,0.6,0,0.1781503891749469,0,0.3203088263889376,0,0.2970337762393786,0.3264010213922201,-0.5686298191626801,-0.6176486576355328,0
21218512,0,2337,167,660,55872872.65,11,1,False,OI,0,8.669572745807253e-07,0,0.0,0,0.0324805615671382,0,0.0008346401096935,0,0.0052176289040869,0.47055973305105275,1.3321119649502586,1.1319556568834954,5
21346114,1,1512,494,252,8887301.2,0,1,False,OI,0,0.005869641932477,0,0.0,0,0.2479460448404282,0,0.2007439555421744,0,0.0590737983587386,1.35711999816034,0.7662574402971316,0.15971587024177025,1
21107488,0,2475,252,171,33024048.87,0,2,False,OI,0,0.0233391861369263,0,0.0,0,0.0352335447533651,0,0.0602089065720248,0,0.0248816769133014,0.8068881240742493,0.5383633491753776,0.8538714701030591,1
21275999,0,1947,165,7,2139028.35,0,1,False,OI,0,0.48636044600675,1,0.6,0,0.4719465537226092,1,0.6466912117808117,0,0.4372349164607778,0.4607108004170786,-1.339816272269631,-0.593488988705976,0
21107481,0,2475,50,118,4164246.85,1,1,False,OI,0,0.0304775877896668,0,0.4,0,0.0142980233539988,0,0.042202849909756,0,0.0240865898283482,-0.5152629362426754,0.32033492792310464,-0.24118765444184265,2
21107451,0,2475,32,140,11833595.48,0,2,False,PV,0,0.0408913281834857,0,0.2,0,0.037499425679637,0,0.0582232399247451,0,0.0825409047415663,-0.8800810066594229,0.4208087166241441,0.3111314722086472,3
21107583,0,2475,153,124,32302872.52,10,4,False,OI,0,0.3691009312107992,1,0.6,1,0.5544358036765368,1,0.9001698987860883,0,0.4552344199800637,0.3989870368449817,0.3494835987551206,0.8421948492581137,2
21274733,1,1952,307,74,7893460.6,1,1,False,PV,0,0.2369626689227415,0,0.2,0,0.0978473209304754,0,0.1604070313777057,0,0.1196610004152467,0.968268307836963,0.04609746875581707,0.09700196246416697,1
21109479,0,2475,35,108,10516964.76,5,1,False,PV,0,0.0832981814514645,0,0.0,0,0.0436206766505651,0,0.125283745431951,0,0.0688561970214158,-0.8068274113246937,0.268291116936676,0.24875383257937642,3
21109659,1,2475,895,5,297794.71,0,1,False,OI,1,0.525841551271929,1,0.8,1,0.8337791427321133,1,0.9400938442460778,1,0.6720817520254764,1.8429217914792235,-1.537564726994355,-1.6361944915810842,0
21107252,0,2475,36,159,13897141.22,1,6,False,PV,0,0.03408515513686,0,0.2,0,0.0642106790101878,0,0.1510331020364402,0,0.0928477406748274,-0.7837990851274774,0.495601871971193,0.39613673505219255,3
21109979,0,2475,278,38,4731549.74,5,2,False,PV,1,0.8413358308765291,1,0.6,1,0.5184724988919845,1,0.8621632218448857,0,0.4530648435468321,0.8871553451300125,-0.3455995714673975,-0.1736462351181096,1
21372591,1,1397,456,18,313572.83,1,1,False,OI,1,0.9258067069056368,1,0.6,1,0.5375876354327821,1,0.8349220978884343,1,0.6276696337273415,1.2916889651046877,-0.7847457393467056,-1.6088921700374597,0
21362919,1,1435,335,20,11559791.12,4,1,False,OI,1,0.5678613024791348,0,0.4,0,0.2935463607225643,1,0.6803163994834309,0,0.3687319475414669,1.0396177524853174,-0.7228241990450301,0.29875156627317695,1
21425906,1,1308,390,37,510395.53,0,1,False,PV,0,0.4286722619352853,1,0.6,0,0.1830264202284476,0,0.2487055801609886,0,0.3097425595029396,1.1638836322119197,-0.3612727952188458,-1.3512678724382625,0
21332454,0,1625,33,189,10207910.76,5,1,False,PV,0,0.0238847472509886,0,0.0,0,0.0515487556238146,0,0.0214175577212949,0,0.0276567472930071,-0.854926667508209,0.5971835046565253,0.23298044829954925,3
21107279,0,2475,28,690,145922915.23,9,2,False,OI,0,2.19340292612424e-07,0,0.0,0,0.0069600031643242,0,0.0001367232395882,0,0.0025603828614942,-0.9892364465330675,1.3582367574337122,1.6396370814768206,5
21109843,0,2475,167,18,8490945.19,1,2,False,OI,0,0.2152077321465923,0,0.4,0,0.0926642477281178,0,0.2455461610241903,0,0.2165987227026184,0.47055973305105275,-0.7847457393467056,0.13558877326601912,1
21278715,1,1929,445,169,23220192.19,76,2,False,PV,0,0.0613660105063823,0,0.0,0,0.4764462559388702,1,0.5741131798753041,0,0.2332743377711485,1.2717280028068676,0.53144902166412,0.6676084593147252,1
21107416,0,2475,28,810,133297704.84,12,11,False,OI,0,1.9906985894574467e-08,0,0.0,0,0.0172590891955694,0,7.526233664400943e-05,0,0.0025155518476801,-0.9892364465330675,1.452471906215182,1.5917809467368813,5
21108207,0,2475,42,203,5992762.86,1,1,False,PV,0,0.0116737312009401,0,0.0,0,0.0352335447533651,0,0.0355598526819908,0,0.0160965557940716,-0.6577883775878661,0.639180728099382,-0.04868263202567778,3
21107262,0,2475,28,530,95168873.58,17,2,False,PV,0,1.034243347212216e-05,0,0.0,0,0.0357655845676433,0,0.0004520621973761,0,0.0003160623065144,-0.9892364465330675,1.2031900045815869,1.4135994443028617,5
21447613,0,1258,251,40,9077412.43,2,1,False,OI,0,0.287583273471708,0,0.4,0,0.0991695934619496,0,0.2321908878888384,0,0.2598185488323645,0.8036378155374179,-0.31545393507036756,0.17090906180789106,1
21334856,0,1614,210,11,2396839.31,0,2,False,OI,1,0.5616082691409923,0,0.4,0,0.3007048315669861,0,0.3865610600422207,0,0.3013248936220324,0.6578490903374216,-1.0741796162522352,-0.5333079632351833,0
21107327,0,2475,28,897,122854125.38,6,4,False,OI,0,4.578570372603852e-09,0,0.0,0,0.0357655845676433,0,1.269422713952536e-05,0,7.908394669773733e-06,-0.9892364465330675,1.5124311373160622,1.5486347046599225,5
21109322,0,2475,181,22,6133380.31,3,1,False,OI,0,2.1110540522472717e-10,1,0.6,0,0.1168368741670832,1,1.0,0,0.3595431672029454,0.5363672116671396,-0.6668093522775727,-0.03641710411126813,1
21236707,0,2261,28,185,34660853.13,4,5,False,OI,0,0.0149963755386865,0,0.0,0,0.0201278188845789,0,0.0216302455033212,0,0.0274236624419554,-0.9892364465330675,0.5846116657256042,0.8794537869379735,3
21107333,0,2475,28,1427,159937137.68,10,1,False,OI,0,6.27464259953406e-14,0,0.0,0,0.0357655845676433,0,5.263558587165565e-08,0,3.9346397325974996e-08,-0.9892364465330675,1.7852899580767108,1.6881324978458123,5
21339345,0,1561,28,338,9290816.14,2,2,False,OI,0,0.0161213627270307,0,0.2,0,0.4451559807308626,0,0.2632252338655497,0,0.1892284347737582,-0.9892364465330675,0.9388192856387826,0.18319772050770045,3
21107505,0,2475,33,447,72538743.59,2,3,False,OI,0,4.762062823115886e-05,0,0.0,0,0.0332446115687587,0,0.0098610812828635,0,0.0011744755510004,-0.854926667508209,1.1030919902281586,1.2700037360301888,5
21108905,0,2475,34,26,2018719.88,0,1,False,PV,0,0.2132217301568054,0,0.4,0,0.0868948605294289,0,0.2645692580038636,0,0.1634854243760113,-0.8305233174038775,-0.5686298191626801,-0.624102244567243,2
21109508,0,2475,103,13,2628667.18,1,1,False,OI,0,0.3787896436738188,0,0.4,0,0.20024093244677,0,0.2994272368612015,0,0.2493839880539051,0.0755141679386211,-0.9760000831373428,-0.48448272157712774,0
21109163,0,2475,200,36,7851866.11,0,1,False,OI,0,0.2321616910058167,0,0.2,0,0.1417209975422388,0,0.4467275662056316,0,0.1636525728312963,0.6179654964742385,-0.3773754753720429,0.09420790465085536,1
21109466,0,2475,41,143,19341804.62,5,1,False,OI,0,0.0341975157957289,0,0.2,0,0.0373184977673225,0,0.039148906851727,0,0.0766139983054422,-0.6774869577553518,0.4332694885492271,0.5709620203836324,3
21316221,0,1763,31,80,10532480.0,1,1,False,PV,0,0.1330956418680955,0,0.4,0,0.0635553603177267,0,0.130290226274951,0,0.1913751128184435,-0.9060340283558895,0.09191632890429481,0.2495334260313529,3
21107392,0,2475,28,996,53969102.89,3,1,False,PV,0,3.441139450691365e-10,0,0.0,0,0.0069600031643242,0,6.090008649463908e-06,0,0.0025028360216431,-0.9892364465330675,1.573959428315918,1.1136223912186332,5
21109826,0,2475,28,454,30513895.44,9,3,False,OI,0,4.934029808072219e-05,0,0.0,0,0.0357655845676433,0,0.0007272372530815,0,0.0006567667244928,-0.9892364465330675,1.1122241993140534,0.8120650043952375,3
21107949,0,2475,120,68,6954188.91,2,2,False,OI,0,0.1563569509659378,0,0.4,0,0.1330271648266924,0,0.1457615727549152,0,0.173405417408735,0.20039031385260905,-0.0035978433627050456,0.030003610675837074,2
21374114,0,1378,230,230,6320183.84,6,2,False,OI,0,0.1664092979350351,0,0.0,1,0.6646300892326452,1,0.8402132210256654,0,0.2734634717443427,0.7322141087122104,0.7125701651249937,-0.020550855957445012,1
21107464,0,2475,28,853,99393086.25,20,3,False,PV,0,1.3660615529185469e-08,0,0.0,0,0.0431460341775133,0,6.49261888728626e-05,0,1.7020042689218388e-05,-0.9892364465330675,1.482871436985741,1.4365665541279233,5
21266313,1,2010,805,2,92163.47,0,1,False,PV,1,0.5638977363869139,1,1.0,1,0.7788959400214094,1,0.9905645532458676,1,0.8571410424510378,1.75628710155548,-2.076078923964143,-2.2564336940352816,0
21484409,0,1173,34,111,1588445.07,12,2,False,PV,0,0.0871545886146016,0,0.2,0,0.0324320775350096,0,0.07168085638657,0,0.0611018035401835,-0.8305233174038775,0.28439379708987284,-0.7508682401146007,2
21109971,0,2475,68,68,2646997.89,0,1,False,PV,0,0.0687328162383519,0,0.4,0,0.1294919359675878,0,0.1399758871022843,0,0.1237206662759584,-0.2639091010454205,-0.0035978433627050456,-0.4808077492858649,2
21429446,0,1281,28,1256,149321183.08,7,5,False,PV,0,2.5740986294454788e-12,0,0.0,0,0.014077522273246,0,2.596688368812948e-07,0,3.203203468586292e-07,-0.9892364465330675,1.710273184056215,1.6518114322846886,5
21107418,0,2475,28,115,10310732.55,3,3,False,PV,0,0.0664837587261295,0,0.4,0,0.0384617603301757,0,0.0754051472183155,0,0.0460280140241274,-0.9892364465330675,0.30519990115033113,0.2382806256785273,3
21109439,0,2475,36,252,135594659.1,1,1,False,PV,0,0.0021770382558203,0,0.0,0,0.0122188140124292,0,0.0113103020852977,0,0.006903892513021,-0.7837990851274774,0.7662574402971316,1.6008160827015199,5
21107581,0,2475,28,189,80197153.2,8,2,False,OI,0,0.0595307006380336,0,0.0,0,0.1797918759449586,0,0.0240713385116533,0,0.0625641130703303,-0.9892364465330675,0.5971835046565253,1.323081434522312,5
21270181,0,1972,60,40,3711101.34,4,1,False,PV,0,0.4002976467370455,0,0.2,0,0.1809640507803779,0,0.2729807169945659,0,0.2755674649522276,-0.366223902505848,-0.31545393507036756,-0.30211302049780975,2
21236190,0,2266,28,651,49327569.66,6,5,False,PV,0,1.0654580284309185e-06,0,0.0,0,0.0411845757501759,0,0.0007374189361012,0,0.0701631608840436,-0.9892364465330675,1.3240425787836883,1.0660650103886828,5
21338132,0,1576,123,343,11126827.58,9,2,False,OI,0,0.0013114352335527,0,0.0,0,0.076721243297816,0,0.0403501635117867,0,0.0080632117640892,0.22057532754830594,0.9474495590687178,0.2785639733296736,1
21108755,0,2475,31,397,34194459.63,15,1,False,PV,0,0.0002115568649881,0,0.0,0,0.0633726094194008,0,0.0079658527774487,0,0.0019518163218336,-0.9060340283558895,1.0333763444133157,0.8722895172382402,3
21109887,0,2475,28,250,9945876.92,1,2,False,PV,0,0.0046969739147791,0,0.0,0,0.0632749459257675,0,0.0351898485496204,0,0.0103567098826021,-0.9892364465330675,0.7615744588692074,0.21922814548712777,3
21110030,0,2475,28,758,126091169.3,23,4,False,PV,0,9.50935989464711e-08,0,0.0,0,0.0353312082469985,0,0.0001073010167432,0,3.887336913957895e-05,-0.9892364465330675,1.4134767707868392,1.5623883999678088,5
21107298,1,2475,700,4,739993.42,0,1,False,OI,1,0.8844245759984842,1,1.0,1,0.8599419784610273,1,0.9996428020029564,1,0.8442502939736476,1.6420384893175082,-1.66870865998948,-1.1548292690183688,0
21480611,1,1196,546,131,2070895.5,6,1,False,OI,0,0.1317527209251844,0,0.2,1,0.5019548469850913,1,0.5097316976665438,0,0.3141747136351238,1.4389333734883585,0.3817581968429691,-0.6106076771129375,1
21108776,0,2475,32,59,2804820.66,0,2,False,PV,0,0.0082199195948259,1,0.8,0,0.1659231021459304,0,0.0050407500078673,0,0.1509759800485962,-0.8800810066594229,-0.08703533605155798,-0.45018107218773595,2
21353984,1,1461,476,89,679575.02,51,1,False,OI,0,0.2964609136751761,0,0.2,1,0.5907890500477732,1,0.9147510842449824,0,0.4217097450300747,1.3267781081563061,0.15457204926352328,-1.199872089291553,1
21108700,1,2475,413,2,298983.8,0,1,False,PV,0,0.3102434549513757,1,0.8,0,0.3077233856840695,0,0.4107366291333397,0,0.4565391061627356,1.2107243022807026,-2.076078923964143,-1.6340870653742223,0
21215966,0,2367,278,29,8914487.14,0,1,False,PV,1,0.5468030489900345,0,0.4,1,0.5786211609190289,1,0.8059598889521352,0,0.434018379986716,0.8871553451300125,-0.5044521875697923,0.16133108885009356,1
21108046,1,2475,852,9,241577.4,0,1,False,PV,0,0.3821396569978685,1,1.0,1,0.7247728760268914,1,0.911268479645139,1,0.5972098741639418,1.8026727744896878,-1.1921160033213678,-1.7468344252745425,0
21218578,0,2336,31,353,360039655.12,14,4,False,PV,0,0.000706785621628,0,0.0,0,0.0523134749592376,0,0.0020145713187822,0,0.0085006351382535,-0.9060340283558895,0.9643389701566658,2.1172469067020017,5
21237981,0,2254,31,370,29508789.0,1,1,False,PV,0,0.0003666298547141,0,0.0,0,0.0212936181542283,0,0.0067505337251236,0,0.0125698096816104,-0.9060340283558895,0.9919819297002668,0.794352193342056,3
21352995,1,1463,686,10,642210.55,0,1,False,OI,1,0.52201542046598,1,0.8,1,0.7332089173795812,1,0.9215301609928848,1,0.7461754164476455,1.6255237555119284,-1.1301944630196925,-1.2297784654052013,0
21109162,0,2475,160,68,10282776.44,1,1,False,OI,0,0.1238192070245805,0,0.4,0,0.1017637780429085,0,0.2488419472224876,0,0.1191590871254555,0.4355564612658647,-0.0035978433627050456,0.23684481590768738,2
21109047,1,2475,659,2,818030.52,0,1,False,OI,0,0.4045431783881829,1,1.0,1,0.7980109500971048,1,0.9867584038717592,1,0.7925272569800508,1.5926997309707496,-2.076078923964143,-1.101809135473704,0
21109962,0,2475,49,52,7526745.7,0,1,False,PV,0,0.177971546627396,1,0.6,0,0.2674305428053791,1,0.5395375478496982,0,0.2441708187542078,-0.531777670048255,-0.16125955518801746,0.07184428669044116,2
21374308,0,1377,28,3529,495985133.36,75,30,False,OI,0,6.537825699768242e-33,0,0.0,0,0.0497175081129334,0,6.400368121658464e-17,0,7.431181300405206e-17,-0.9892364465330675,2.3174271811039486,2.2866495859728193,5
21108672,0,2475,28,18,32570857.08,0,2,False,OI,0,0.3212318662298355,1,0.6,1,0.5315783854290866,1,0.7218692889851961,1,0.5077748982446983,-0.9892364465330675,-0.7847457393467056,0.8465639657817112,2
21339466,0,1561,40,39,1635660.11,1,1,False,PV,0,0.1418738849271285,1,0.8,0,0.1175683230920618,0,0.0984543213627514,0,0.1994638965689119,-0.6976719714510491,-0.33033349082862407,-0.7353782029360928,2
21109916,0,2475,197,22,36288424.97,2,1,False,OI,0,0.3687028779817732,1,0.6,0,0.2359198631984737,0,0.3403978099095598,0,0.2126473581517905,0.6056108302731181,-0.6668093522775727,0.9037209291602113,2
21109521,0,2475,126,12,535147.3,0,2,False,PV,0,0.4479247032650577,1,0.6,0,0.3025519468997091,1,0.5129223577236827,0,0.3571527185483152,0.2402739077157921,-1.0230420676807614,-1.3262243256942248,0
21107353,1,2475,363,36,3266295.55,0,2,False,PV,0,0.2633003697848835,0,0.2,0,0.1799856716865173,0,0.2177923987255375,0,0.1911871653096854,1.1052364681316316,-0.3773754753720429,-0.36963056175418213,1
21108656,1,2475,547,8,276988.62,0,3,False,OI,0,0.4563007926998672,1,0.6,0,0.3638843031132125,0,0.4641866339017491,0,0.3503152419375799,1.4404291680869394,-1.2613383960148177,-1.6744969238491865,0
21288267,0,1859,153,42,10131545.4,0,2,False,OI,1,0.8368865361730341,0,0.2,0,0.3940191540217437,1,0.9149512479632402,1,0.5110692470295123,0.3989870368449817,-0.2867794159862496,0.22900936169757924,2
21425297,1,1316,637,139,2852669.07,5,1,False,PV,0,0.1162894302356124,0,0.2,1,0.5743837248319457,1,0.5367013956168041,0,0.361613508198163,1.5649440810279696,0.4165957160766372,-0.4412355779042079,1
21493488,0,1142,176,31,15251893.19,2,2,False,OI,0,0.3423123332650351,0,0.2,0,0.0826227167355621,0,0.2120140052077983,0,0.1388919707552777,0.5134679126219605,-0.4652569291942047,0.4453292319248028,2
21493534,0,1142,181,70,1512214.32,10,1,False,PV,0,0.0006293208061631,0,0.2,0,0.1856143477327519,0,0.0458004019183187,0,0.1102182343230083,0.5363672116671396,0.013438452649482005,-0.776876656319837,1
21108237,0,2475,35,174,37232308.94,4,3,False,PV,0,0.022130432336169,0,0.0,0,0.0420732105446429,0,0.0610930458698438,0,0.0343174636132945,-0.8068274113246937,0.5485846687135889,0.9173004013426992,3
21107556,0,2475,124,75,41106129.55,0,3,False,OI,0,0.1571560633607037,0,0.2,0,0.0825159645208741,0,0.1968138755571988,0,0.0863744864685018,0.22719440436102462,0.05398632625881345,0.9696446791470148,2
21109365,0,2475,32,700,41531173.47,3,3,False,OI,0,3.210429425416107e-07,0,0.0,0,0.0353312082469985,0,0.0001836822999511,0,6.882745200920804e-05,-0.8800810066594229,1.3666931775685944,0.9750848401608834,5
21235907,0,2273,28,332,40240713.02,4,2,False,PV,0,0.0011753239510633,0,0.2,0,0.0516464191174479,0,0.0039993627121239,0,0.057457049188577,-0.9892364465330675,0.928292836007199,0.9583921247401685,3
21348461,1,1499,875,2,33409.46,0,1,False,OI,1,0.6921849348873097,1,1.0,1,0.9235231704196544,1,0.9975345501697208,1,0.9094425197076266,1.8244475245258818,-2.076078923964143,-2.7930557394970683,0
21107366,0,2475,28,604,75136045.34,16,1,False,PV,0,1.3637826728510246e-06,0,0.0,0,0.0110469669164721,0,0.0002573299785384,0,9.855275095950191e-05,-0.9892364465330675,1.280002189424826,1.2886079397791292,5
21424172,1,1335,546,361,8171026.52,0,2,False,PV,0,0.001094653282435,0,0.0,0,0.459082029760555,0,0.1278762868601656,0,0.1145165954810869,1.4389333734883585,0.9775095170546851,0.11527845068806135,1
21221343,0,2295,28,157,6141931.37,2,1,False,OI,0,0.0298128287911864,0,0.2,0,0.0292970168106991,0,0.0501413979656312,0,0.1187933156139555,-0.9892364465330675,0.48816239213222723,-0.03568032424989333,3
21107371,0,2475,33,363,66375587.45,23,5,False,PV,0,0.0001282035746753,0,0.0,0,0.0073158869943035,0,0.0030026060043435,0,0.0014524546327211,-0.854926667508209,0.9807565477430531,1.2230476848853142,5
21315102,0,1769,28,123,3375586.55,0,1,False,PV,0,0.1145131147044471,1,0.6,0,0.0794689503146322,0,0.2123028403395404,0,0.2588369396337477,-0.9892364465330675,0.34472477874916446,-0.3522252146118855,2
21109719,0,2475,38,89,10609922.22,3,1,False,OI,0,0.0738210576582389,0,0.0,0,0.0379702243865513,0,0.1672044600873326,0,0.0574654494656824,-0.7396017529158849,0.15457204926352328,0.2534075691145869,3
21480319,0,1201,173,212,2972379.91,23,1,False,OI,0,0.0112116551180203,0,0.0,0,0.0606048997971231,0,0.0066320127080839,0,0.0171214664696688,0.4994139586671392,0.6646758076117993,-0.41949629074072764,1
21428178,0,1288,28,426,64833574.75,25,1,False,PV,0,0.0002099944378606,0,0.0,0,0.0534041885529853,0,0.0039352036448657,0,0.002231062615892,-0.9892364465330675,1.0748117757946192,1.2106170292759704,5
21480237,0,1202,104,21,394209.46,14,1,False,PV,1,0.5126184800703726,0,0.2,0,0.1749221078261338,0,0.2989226707221556,0,0.2123350996091135,0.08341231169988743,-0.6941496799609123,-1.4878678674063592,0
21346717,1,1504,425,37,1903875.2,0,1,False,PV,0,0.4389459489212587,1,0.6,0,0.1921745156959359,0,0.3706470105809761,0,0.2962121631014935,1.2341374020882412,-0.3612727952188458,-0.6550772784284099,1
21339648,0,1559,28,319,10964035.27,3,1,False,OI,0,0.002464839710779,0,0.2,0,0.1885529551861856,0,0.1171141900675543,0,0.0980753322002768,-0.9892364465330675,0.9048173841167775,0.27076963382541536,3
21107924,1,2475,790,2,4719023.98,0,1,False,PV,1,0.5416004698015434,1,1.0,1,0.9047260531441976,1,0.9955620345998032,1,0.8634879463745394,1.740911384555934,-2.076078923964143,-0.17504806856221147,0
21502245,0,1117,28,640,10051591.92,3,1,False,PV,0,7.082938485760203e-07,0,0.0,0,0.0872128714555222,0,1.178803692250218e-06,0,0.0150291540498177,-0.9892364465330675,1.3140271208282828,0.2248194852290843,3
21339455,0,1561,33,826,22088401.4,22,2,False,PV,0,1.8984215125374077e-08,0,0.0,0,0.0171120025479579,0,1.5622697969874416e-05,0,2.1967125466416348e-05,-0.854926667508209,1.4639678435922787,0.641182778835729,3
21493569,1,1141,376,63,3023078.31,0,1,False,OI,0,0.2024029581651885,1,0.6,0,0.2425539316441866,0,0.0903224240872884,0,0.2501440772577969,1.1339995700104093,-0.04848308765219359,-0.41055227663960925,1
21372909,0,1392,28,121,13099872.46,0,1,False,OI,0,0.0818606524716827,0,0.4,0,0.0670657646658405,0,0.0512718385007263,0,0.1172784612463311,-0.9892364465330675,0.33508995543433473,0.3648928111214907,3
21107585,0,2475,40,216,17007356.26,0,1,False,PV,0,0.0092722066562285,0,0.0,0,0.04304837068388,0,0.0391138928759708,0,0.0172040026611803,-0.6976719714510491,0.6756613809113386,0.5029417589946794,3
21246703,0,2203,215,48,6714294.13,2,2,False,OI,0,0.1612702275737285,0,0.0,0,0.1261920570954593,0,0.2059773646775611,0,0.1374220472405969,0.6770841312126238,-0.20830153973143628,0.011438594620695863,1
21107243,0,2475,89,15,12195890.41,1,1,False,PV,1,0.842558023506391,0,0.2,0,0.3576418836511248,1,0.9428895109874734,0,0.4848571894584959,-0.043909465118420456,-0.8918981346856365,0.32707927802678516,2
21108962,1,2475,766,55,1790960.55,0,1,False,OI,0,0.1766700662756359,1,0.8,1,0.5702679309341335,1,0.5954532158819705,0,0.4674938382349134,1.7156923710488938,-0.1282951553077851,-0.6874098807034205,1
21108107,0,2475,188,26,4202286.03,2,1,False,OI,0,0.3002207907007134,1,0.6,1,0.6726601066417216,1,0.7967929523955248,0,0.4592001535785229,0.5673853536519522,-0.5686298191626801,-0.23637883060791465,1
21535330,0,783,123,25,444370.69,1,1,False,OI,0,0.3450346206934775,0,0.4,0,0.0918707472948021,0,0.3134515942197853,0,0.2221928843759851,0.22057532754830594,-0.5916802660499052,-1.4245257420343456,0
21352533,0,1471,28,792,19827972.25,6,2,False,PV,0,5.171166201874707e-08,0,0.0,0,0.028060491979522,0,0.0001943976621925,0,0.0200685613101256,-0.9892364465330675,1.43926436028919,0.584090290242082,3
21108987,0,2475,102,47,27346712.33,0,1,False,OI,0,0.2089551203968621,0,0.4,0,0.1938178219280777,0,0.1756875673659727,0,0.1053554435276415,0.06753896789978026,-0.22067486116016852,0.7541121608201121,2
