ID,y,Antiguedad,Tiempo_ultima_compra,Frec,Consumo,Compra_unica,Temporada,Devolucion,Ship_to,y^_lr,proba_lr,y^_knn,proba_knn,y^_rf,proba_rf,y^_MLP,proba_MLP,y^_last,proba_last
21108391,0,2513,35,128,19711839.71,False,PV,0,2,0,0.4783258046404697,0,0.0,0,0.07419920122520553,0,0.0026339742198092852,0,0.07021062682136932
21109900,0,2513,10,749,98092553.61,False,PV,15,1,0,0.10435078490389037,0,0.13333333333333333,0,0.011118115298027064,0,0.3889719570206401,0,0.001443732939943776
21107434,0,2513,9,532,79702032.35,False,OI,6,1,0,0.2135653458801916,0,0.06666666666666667,0,0.005981703247217522,0,0.000658621249056774,0,0.0051462085015906095
21108946,0,2513,779,221,7126836.93,False,PV,4,1,0,0.3762208736782082,0,0.2,0,0.1218604729313474,0,0.14002400923612035,0,0.22625921454687759
21285620,0,1913,22,102,8725151.02,False,OI,2,2,1,0.502779215421516,0,0.0,0,0.05573879551820728,0,0.00415425045649388,0,0.14073373816463192
21107292,1,2513,1582,12,202528.69,False,PV,7,1,1,0.6020291299230933,1,0.8666666666666667,1,0.7618361859250474,1,0.884805108045181,1,0.5315987404996049
21531514,0,2287,35,173,5737843.01,False,PV,1,1,0,0.4689147984550356,0,0.06666666666666667,0,0.0065125547238651625,0,0.0021744134487141843,0,0.0777593657492791
21218578,0,2374,9,550,514921406.86,False,PV,17,5,0,0.2036055468197562,0,0.2,0,0.03825821839873267,0,0.011853344454694444,0,6.507622939620255e-07
21109122,0,2513,7,32,5108018.02,False,OI,1,2,1,0.5426250923324714,0,0.13333333333333333,0,0.04524165311224576,0,0.15656666527589455,0,0.11014702439229969
21109047,0,2513,697,4,1795572.11,False,OI,0,3,1,0.5596745379232657,1,0.6,0,0.31470627828624304,1,0.5113508152843137,0,0.20665204991133693
21218674,1,2370,1337,161,6351294.85,False,PV,1,1,0,0.4679764818131323,1,0.8,1,0.779720894868333,1,0.681420037718743,0,0.3297569884561105
21108154,0,2513,56,12,1084268.32,False,PV,0,2,1,0.6020291299230933,1,0.8666666666666667,1,0.587575507714369,1,0.882009237062987,0,0.35047028026575117
21346596,1,1543,919,2,2693372.64,False,OI,0,1,1,0.5613670233656474,1,0.6,1,0.6729745380183176,0,0.4940860946297989,0,0.34852606461276536
21319853,0,1764,310,15,2220076.49,False,OI,0,1,1,0.592252489136897,1,0.9333333333333333,1,0.6675903497473314,1,0.9052868140536423,0,0.2857343598231863
21109894,0,2513,53,236,33125703.47,False,OI,1,2,0,0.39224576875426326,0,0.0,0,0.0014550718197661936,0,0.0011485921649644758,0,0.039683476651152766
21315112,0,1807,291,31,3846067.91,False,PV,0,1,1,0.5789147749980801,1,0.8,0,0.44736707806318,1,0.8780676768564072,0,0.22450256447922576
21277813,1,1975,919,32,1580951.48,False,OI,0,1,1,0.5358515547077138,1,0.6666666666666666,1,0.5933308234182726,0,0.472988127894931,0,0.38961897534511675
21107391,1,2513,1498,140,11539572.46,False,PV,1,7,0,0.4859716217713086,1,0.8666666666666667,1,0.924166675337578,1,0.6772051479759507,0,0.35127961239453587
21341695,0,1575,744,142,4450729.79,False,PV,1,1,0,0.4417085584665467,0,0.3333333333333333,0,0.1748610417853591,0,0.25114971601874164,0,0.16622410082039926
21425906,0,1346,428,37,510395.53,False,PV,0,1,1,0.5738821704542489,1,0.9333333333333333,1,0.5743611119124187,1,0.8946650207462044,0,0.2646813424636689
21338821,0,1606,234,398,8465082.59,False,PV,21,1,0,0.2755919920799951,0,0.0,0,0.003705147098296756,0,0.002045704317806507,0,0.08423772022795539
21107543,0,2513,16,1022,214742357.42,False,OI,5,4,0,0.04387333193236724,0,0.2,0,0.09028235958013192,0,0.43911175628322124,0,0.00754234650020878
21235907,0,2311,7,582,52315808.78,False,PV,5,2,0,0.18225648481762868,0,0.06666666666666667,0,0.006671358419631315,0,0.0009353134624391538,0,0.007253674493892947
21315102,0,1807,30,321,7585099.51,False,PV,4,1,0,0.32652246179818895,0,0.0,0,0.0822230042411539,0,0.0017669534215314512,0,0.09559742939011032
21372591,0,1435,494,18,313572.83,False,OI,1,1,1,0.5970805083001111,1,0.8666666666666667,1,0.5933227973007387,1,0.8821746442389383,0,0.40738752502762854
21110074,0,2513,45,105,20351729.72,False,PV,1,2,1,0.5058185706939476,0,0.0,0,0.016087535014005602,0,0.001555662422411034,0,0.1244890883312918
21480313,1,1239,997,2,313411.4,False,OI,0,1,1,0.5613670233656474,1,0.6,1,0.7747234719275198,1,0.5474523619022826,1,0.5515737322501953
21108122,1,2513,1899,3,340198.57,False,PV,0,1,1,0.609412834531771,1,1.0,1,0.9462846709390828,1,0.8876577040127364,1,0.6237780238515375
21429446,0,1319,7,1727,212079434.61,False,PV,35,5,0,0.004171222117356766,0,0.06666666666666667,0,0.010794264342036682,0,0.017612199717514595,0,2.333123933074675e-06
21109153,1,2513,1893,11,304918.12,False,PV,0,1,1,0.5955665960845554,1,0.9333333333333333,1,0.9763041196981539,1,0.9202884642803557,1,0.5667293282943062
21107681,0,2513,7,191,6270199.41,False,OI,2,1,0,0.45496410469302245,0,0.0,0,0.0065125547238651625,0,0.001465520113196889,0,0.12079810505423753
21109521,0,2513,164,18,1388990.26,False,PV,0,2,1,0.5721153401116923,0,0.3333333333333333,0,0.44357701991250376,0,0.009111737296657799,0,0.3485125144517949
21216509,0,2402,7,1185,315042397.29,False,PV,40,9,0,0.023409838953584353,0,0.13333333333333333,0,0.0115592917686153,0,0.033272867035476446,0,2.738108990452723e-06
21108386,0,2513,696,23,10625574.4,False,OI,0,1,1,0.5435321264845259,1,0.5333333333333333,0,0.0737167474121237,0,0.2896458722703641,0,0.16302424525352155
21424172,0,1373,584,365,8290654.04,False,PV,0,2,0,0.2728338732022936,0,0.06666666666666667,0,0.01489632356888499,0,0.03608260708975076,0,0.03864787489806905
21484876,0,1204,9,182,18020769.28,False,PV,1,1,0,0.4484015316664475,1,0.7333333333333333,0,0.018457696226958233,0,0.41649069700229163,0,0.11595541711221224
21107478,0,2513,88,214,17667751.22,False,OI,12,2,0,0.3869806836638291,0,0.06666666666666667,0,0.015944507618181388,0,0.02864762822672339,0,0.1128009038710169
21107279,0,2513,7,1709,320292631.78,False,OI,26,2,0,0.004252965524579211,0,0.06666666666666667,0,0.004951448631360396,0,0.08710905111268416,0,2.7375939976603757e-07
21465816,0,1283,584,9,236241.64,False,OI,0,1,1,0.5972204071872544,1,0.9333333333333333,1,0.706948024928741,1,0.9223486241161526,0,0.42234062153397955
21108901,1,2513,1862,67,1517900.06,False,PV,0,2,1,0.5485091952906423,1,0.8,1,0.9130719906327214,1,0.8531738633578156,1,0.5306686028517518
21107401,1,2513,1862,18,578053.76,False,PV,0,1,1,0.5897613725690446,1,0.9333333333333333,1,0.9455580664626297,1,0.9125783221226702,0,0.4870493257991799
21107259,1,2513,2086,2,97922.27,False,OI,0,1,1,0.6029911331151591,1,0.9333333333333333,1,0.8630191079522106,1,0.9287210922317637,1,0.5868502261054438
21339466,0,1599,43,57,1997960.85,False,PV,1,1,1,0.6427817612296635,0,0.0,0,0.2037824372010418,0,0.00018402199937592677,0,0.24012955603885364
21253157,1,2180,1562,11,699392.11,False,PV,0,1,1,0.5955665960845554,1,1.0,1,0.993138025143621,1,0.9180364269300397,1,0.6212243661788543
21109163,0,2513,238,71,17237499.29,False,OI,5,1,1,0.5175360836282629,0,0.0,0,0.031071982281284605,0,0.012210649069795807,0,0.1907033255531977
21108780,1,2513,1801,21,527521.47,False,PV,0,1,1,0.5872656428444866,1,0.9333333333333333,1,0.892412142941706,1,0.9101482567093055,0,0.4288301376381415
21501025,0,1162,7,1378,16042759.76,False,PV,54,1,0,0.014835783293490416,0,0.0,0,0.006278474900651214,0,0.0024195193285684053,0,0.05055854957704753
21108698,0,2513,101,70,11242989.61,False,OI,1,1,1,0.5552477971699121,0,0.2,0,0.023478021978021978,0,0.004752454436190751,0,0.15049611331715884
21362922,0,1473,288,21,2994990.51,False,OI,0,1,1,0.5872656428444866,1,0.8,1,0.6627923376071682,1,0.8944360986941086,0,0.2956813432806885
21108561,0,2513,38,750,81341126.83,False,PV,4,1,0,0.10002078889936004,0,0.06666666666666667,0,0.004701448631360397,0,0.007496677253099292,0,0.0020219823753334695
21220403,1,2346,1569,4,961504.89,False,PV,0,1,1,0.601345200054287,1,0.9333333333333333,1,0.9660135123345461,1,0.9224508634346523,1,0.5152204728044233
21107262,0,2513,7,1124,191632400.93,False,PV,43,2,0,0.03229381126159006,0,0.2,0,0.052699026246798585,0,0.012775008141876517,0,0.002544357303661874
21109690,0,2513,7,618,69887497.44,False,OI,4,1,0,0.16073390971530835,0,0.06666666666666667,0,0.008481703247217523,0,0.0036919401930343093,0,0.05440257950694204
21438188,0,1306,69,14,1696770.87,False,PV,0,1,1,0.5605822467358038,0,0.2,0,0.375673122603304,0,0.15502942497860053,0,0.22916388544190475
21107433,0,2513,7,1859,352460251.73,False,PV,5,7,0,0.0026527035692971205,0,0.06666666666666667,0,0.015502597675370012,0,0.02276342164991724,0,7.552777985691257e-08
21108270,0,2513,35,268,15248470.78,False,PV,4,1,0,0.3693774706257974,0,0.06666666666666667,0,0.003705147098296756,0,0.0013263629561280947,0,0.04806889467981986
21108488,0,2513,7,1877,175963221.44,False,OI,65,2,0,0.002467036687855433,0,0.06666666666666667,0,0.005726082523854863,0,0.02792840254278432,0,2.6093984733550087e-06
21109035,1,2513,1394,18,3039093.62,False,OI,0,2,1,0.5897613725690446,1,0.8666666666666667,1,0.8723790088306816,1,0.8971454504214462,0,0.4264065828585305
21338022,0,1618,557,7,1687720.83,False,OI,0,1,1,0.6267390788177697,1,0.7333333333333333,0,0.23296041171472207,0,0.0016086164809191235,0,0.24600613839111762
21109190,0,2513,7,863,185217636.56,False,OI,7,2,0,0.074670217725108,0,0.2,0,0.04280962532513961,0,0.04310430397882695,0,0.00015091751933848756
21107300,0,2513,262,148,15728443.57,False,OI,0,2,0,0.4630763766199926,0,0.3333333333333333,0,0.07094523297123727,0,0.002438362913240627,0,0.07760283904044471
21154581,0,2485,7,892,25086118.95,False,PV,8,3,0,0.06404667278321381,0,0.0,0,0.005511047719414769,0,0.009464577939303886,0,0.003512322722802646
21107488,0,2513,290,612,77180521.24,False,OI,2,3,0,0.15310442049515702,0,0.06666666666666667,0,0.004118115298027063,0,0.003902287490326557,0,0.0038957794245575265
21107330,0,2513,85,316,26393406.25,False,PV,0,1,0,0.32596349292988835,0,0.0,0,0.0024551470982967566,0,0.0018280623168420987,0,0.03353548299689909
21107901,0,2513,162,6,1561966.79,False,PV,0,1,1,0.5996969732677698,1,0.8666666666666667,1,0.5567674458739298,1,0.9173655864093225,0,0.3039282787851083
21108308,1,2513,861,1772,1317689.68,False,PV,1,2,0,0.002918454567442375,0,0.13333333333333333,0,0.4728716916777191,0,0.3381995897619052,0,0.32764522042173994
21109520,1,2513,1165,52,4942370.26,False,PV,0,1,1,0.5686915773866404,1,0.8666666666666667,1,0.7889131992954336,1,0.8492886738581157,0,0.41022013399461454
21270181,0,2010,98,120,8151429.21,False,PV,7,1,1,0.5031444237239531,1,0.8,1,0.5934952772911796,1,0.7279349017920743,0,0.21713501508559374
21108408,1,2513,1817,3,299090.04,False,PV,1,1,1,0.6021684554290906,1,1.0,1,0.9810675266416178,1,0.9434028013721821,1,0.6188308115896712
21334856,0,1652,248,24,4360098.63,False,OI,1,2,1,0.5807538875582073,1,0.9333333333333333,0,0.09486438806291746,0,0.28405537445734835,0,0.17566529890379318
21352679,0,1507,178,74,3497065.02,False,PV,0,1,1,0.5425473302139879,1,0.8666666666666667,0,0.29031441346283027,1,0.8286606448880857,0,0.14142939220812653
21318663,1,1781,1389,20,463506.7,False,OI,0,1,1,0.5880980579325661,1,0.9333333333333333,1,0.8709430110168099,1,0.9114532135539405,0,0.431673183831467
21107355,0,2513,8,217,6818012.99,False,PV,3,1,0,0.4324084069952032,0,0.0,0,0.007901443612754052,0,0.0015163872437431638,0,0.2223624385494214
21369684,1,1464,897,23,813863.0700000001,False,OI,0,1,1,0.5435321264845259,1,0.6666666666666666,1,0.7960799829189024,1,0.5045092947503111,1,0.5604417045759869
21108680,0,2513,48,398,41977962.36,False,PV,21,1,0,0.27837562743482336,0,0.2,0,0.0024514486313603964,0,0.06777082608752577,0,0.018483250822775295
21107357,1,2513,1267,38,56358499.96,False,OI,0,5,1,0.5730418835754821,1,0.8,1,0.712958050857007,1,0.7675391248073277,0,0.30293691320581967
21107387,0,2513,7,1559,101361556.08,False,OI,37,2,0,0.006981963176424777,0,0.0,0,0.001618115298027063,0,0.01898877898607876,0,4.5617619560340816e-05
21336516,1,1639,1508,7,2016236.87,False,PV,0,1,1,0.5988720104023736,1,0.8666666666666667,1,0.8819784444647345,1,0.9138376215221307,0,0.41558534524874624
21108207,0,2513,35,450,14816724.17,False,PV,4,1,0,0.2419841183714031,0,0.06666666666666667,0,0.0012051470982967565,0,0.0024940491360491922,0,0.025188276342130497
21108872,0,2513,79,163,11445494.6,False,PV,3,2,0,0.4556277988157226,0,0.0,0,0.009332696226958233,0,0.0018736219279321623,0,0.17886854657512338
21109117,0,2513,35,74,4329862.28,False,PV,1,1,1,0.5079806343237667,0,0.13333333333333333,0,0.09636863723922985,0,0.1048234073313031,0,0.1054017594428999
21478397,0,1263,534,174,12138111.4,False,OI,4,2,0,0.4253947380401402,0,0.0,0,0.002607206030879801,0,0.02082834493733894,0,0.06833462194446405
21247649,1,2234,1149,661,67456830.0,False,PV,2,6,0,0.1363523811896587,0,0.06666666666666667,1,0.7966549783638324,0,0.29906474029287133,0,0.2763729949883036
21107811,0,2513,238,80,3890651.03,False,OI,0,1,1,0.5260602238986244,0,0.0,0,0.03238224520577462,0,0.004655850873073892,0,0.15943429924687758
21372909,0,1430,7,163,17262092.04,False,OI,0,1,0,0.49768909896692026,0,0.0,0,0.03271096742227786,0,0.0002842844867247361,0,0.17294740109094126
21109398,1,2513,1864,27,1096317.04,False,PV,0,1,1,0.5822608251352197,1,0.9333333333333333,1,0.923604781829467,1,0.9008717761811351,0,0.49153842104788226
21107965,1,2513,1862,24,1510363.64,False,PV,0,1,1,0.5847654200380198,1,0.9333333333333333,1,0.9532800352345983,1,0.901146311395747,1,0.5467923329387516
21484772,0,1205,717,4,2461895.8,False,OI,0,1,1,0.5596745379232657,1,0.6,0,0.3950609580891989,0,0.4962727553214848,0,0.30329919809575323
21107377,0,2513,7,1357,95095329.79,False,PV,7,1,0,0.014331134369317919,0,0.06666666666666667,0,0.02014274919052153,0,0.07685816572693478,0,0.005120864098456778
21107389,0,2513,7,2347,480032076.12,False,PV,18,4,0,0.0005295087918521884,0,0.0,0,0.012169264342036681,0,0.004004213467826834,0,7.154906647824558e-10
21480244,0,1240,7,166,7797227.26,False,OI,0,1,0,0.45748358597737804,1,0.5333333333333333,0,0.004999362893624899,0,0.004640647395519519,0,0.12708300624401353
21109494,0,2513,52,116,7805735.05,False,PV,7,2,0,0.48831069443392217,0,0.4666666666666667,0,0.055355947256951546,0,0.004716468476100515,0,0.13597464036567997
21153880,1,2495,1975,2,713960.3300000001,False,OI,0,1,1,0.6029911331151591,1,1.0,1,0.9866274609601727,1,0.9425620853746792,1,0.616061175146606
21107583,0,2513,9,493,78449617.65,False,OI,32,4,0,0.19399216916003847,0,0.0,0,0.0035037362130597425,0,0.007906709411105788,0,0.006190574501484648
21338131,0,1614,624,43,590703.49,False,PV,24,1,1,0.5404217921342891,0,0.0,0,0.2867819711855808,0,0.07029062992380933,0,0.3205205378413503
21219946,0,2352,423,58,2756771.32,False,OI,0,1,1,0.5380734335923003,0,0.0,0,0.22175889799221288,0,0.011399808101935421,0,0.16642005048629033
21109916,0,2513,9,50,82779276.68,False,OI,3,1,1,0.5496014152040167,0,0.4666666666666667,0,0.02185049019607843,0,0.005818494569732438,0,0.03485032556226888
21293987,1,1865,1180,5,862173.51,False,PV,0,1,1,0.6005213712448971,1,1.0,1,0.9593003581610189,1,0.9221773508222574,1,0.5650859463360993
21108560,0,2513,10,468,50640513.83,False,PV,4,1,0,0.2391842876489894,0,0.06666666666666667,0,0.006671358419631315,0,0.011771191120962964,0,0.011872332710968679
21279751,1,1953,1450,153,11244260.83,False,OI,3,1,0,0.47482450468163934,1,0.8,1,0.9062602278471822,1,0.6616236691781079,0,0.3662382526358728
21489385,0,1184,51,191,7452380.07,False,PV,0,1,0,0.4162750908161507,0,0.0,0,0.0719008568245306,0,0.012414022880232738,0,0.11957452399806956
21107322,0,2513,9,1917,243937957.64,False,PV,34,1,0,0.00215611890025107,0,0.06666666666666667,0,0.017835931008703346,0,0.03210250032890427,0,0.05250054784054511
21107581,0,2513,9,358,108992081.05,False,OI,14,2,0,0.35276815415913265,0,0.0,0,0.017985326435623315,0,0.00028875568704488997,0,0.010835700141111175
21282892,1,1928,1807,6,245626.23,False,OI,0,1,1,0.6069569819859596,1,1.0,1,0.9435657476074485,1,0.8868714679673423,1,0.5631138008106067
21218959,0,2366,7,330,62014692.49,False,OI,12,6,0,0.33288400742757923,0,0.2,0,0.023020219703275203,0,0.09788451682507383,0,0.023941484370348223
21108769,0,2513,8,601,180877947.15,False,PV,26,3,0,0.1673983504563719,0,0.2,0,0.025537980303494575,0,0.016996233258734086,0,0.000493685700193787
21466091,0,1283,675,80,5598029.03,False,PV,0,1,0,0.494689723586365,1,0.5333333333333333,0,0.10021912248802817,0,0.3109604761201806,0,0.11234583915758846
21109962,0,2513,87,242,20146842.68,False,PV,2,1,0,0.36791222540577556,0,0.0,0,0.006146323568884992,0,0.013519392825070831,0,0.04840021350195616
21465818,0,1283,204,148,2921024.75,False,OI,10,1,0,0.4557659704063665,0,0.0,0,0.14414662440645074,0,0.013055984642930667,0,0.09157099501243801
21109800,1,2513,939,152,7123744.64,False,PV,0,1,0,0.4332547833354967,0,0.2,0,0.3706011211504387,0,0.19700723332415182,0,0.3909289213699989
21362919,0,1473,373,31,13336248.02,False,OI,4,1,1,0.5528956925320915,0,0.0,0,0.009060077519379846,0,0.01726326757503538,0,0.10013323570196182
21352046,0,1516,43,6,505898.77,False,OI,0,1,1,0.5579806640773327,1,0.6,0,0.4995080171645463,1,0.5372522914050128,0,0.2777800383381907
21108707,1,2513,1946,1,102851.35,False,PV,0,1,1,0.6038132288711245,1,1.0,1,0.9811238036978949,1,0.9449052513885858,1,0.5646058385208517
21425297,0,1354,675,159,3154198.98,False,OI,5,1,0,0.42735987294395095,0,0.26666666666666666,0,0.17031832084619,0,0.25340711584018305,0,0.21875683419563405
21131146,0,2513,7,871,44392621.42,False,PV,16,2,0,0.06524080268580612,0,0.0,0,0.009035482244805774,0,0.023171508799826008,0,0.002591504735395953
21109975,0,2513,9,537,31469248.32,False,PV,3,1,0,0.1780221908895186,0,0.0,0,0.0015592917686152986,0,0.007391089682308745,0,0.013104139696188401
21108433,0,2513,7,1128,142768156.2,False,PV,28,5,0,0.030127167138430777,0,0.13333333333333333,0,0.0024514486313603964,0,0.028852939647576025,0,0.00011872707484829553
21346114,0,1550,532,399,13018927.23,False,OI,0,1,0,0.2526109114122328,0,0.0,0,0.01781299023555166,0,0.01847879841995753,0,0.03145629735552246
21110068,0,2513,767,5,4972338.62,False,PV,0,2,1,0.5588277721587595,1,0.6,0,0.09279444030746366,1,0.6245817653534123,0,0.22482938931935648
21239404,1,2277,1754,2,377493.12,False,OI,0,1,1,0.6029911331151591,1,0.9333333333333333,1,0.9844039228499565,1,0.927241138990294,1,0.5739920813013561
21108789,1,2513,1142,2,14066961.39,False,PV,0,1,1,0.6029911331151591,1,0.9333333333333333,1,0.7704472523090942,1,0.8940535849683016,0,0.4165893458196337
21270714,1,2005,1036,41,797082.1799999999,False,OI,2,1,1,0.5779352669671566,1,0.8666666666666667,1,0.7896136769223822,1,0.8709446017800245,1,0.5632777387287364
21107243,0,2513,55,25,22415566.12,False,PV,1,1,1,0.5547235834189136,0,0.4666666666666667,0,0.046359861069163386,0,0.07742584297083709,0,0.09314324855480867
21109870,0,2513,29,89,18536691.17,False,OI,0,2,0,0.4947185768579169,0,0.0,0,0.041252965329440325,0,0.03129740831460491,0,0.08255176445768729
21427477,0,1330,310,13,3489879.62,False,OI,1,1,1,0.6681555275135158,1,0.6666666666666666,0,0.06452705627705628,0,0.0002446713086952026,0,0.12213596595884632
21108985,0,2513,74,14,3227694.04,False,OI,0,2,1,0.5750758892068314,0,0.0,0,0.19813708789520146,0,0.015880475223545715,0,0.11970862499436975
21109971,0,2513,106,161,7839486.56,False,PV,2,1,0,0.44380191679612074,0,0.0,0,0.019969250848806974,0,0.009826296843336005,0,0.13313792511660155
21108628,0,2513,713,164,4751877.67,False,PV,1,2,0,0.4231617161468665,0,0.2,0,0.0783729426949295,0,0.22077100829372984,0,0.18583997166232527
21109887,0,2513,8,466,17972858.6,False,PV,3,2,0,0.22656466888329246,0,0.0,0,0.0013681905765576261,0,0.002043363014864103,0,0.07235764285406247
21279443,0,1957,38,174,13664568.73,False,PV,12,3,0,0.45865563918850805,1,0.6,0,0.013734776946087384,0,0.40534917563187756,0,0.11679227162475822
21107725,0,2513,35,373,58538621.4,False,PV,3,2,0,0.298555194029446,0,0.26666666666666666,0,0.12467135841963133,0,0.39144562905177316,0,0.0823459790038563
21109508,0,2513,141,38,9782795.16,False,OI,1,2,1,0.5747535758209489,1,0.8666666666666667,0,0.1975154338415208,1,0.7552984860845414,0,0.24025649230092563
21278743,0,1964,9,957,29455195.76,False,PV,14,1,0,0.05256328141784029,0,0.0,0,0.005951448631360396,0,0.008484750985323504,0,0.0024563959955305093
21107250,0,2513,509,314,13328308.54,False,PV,0,1,0,0.31895562128910937,0,0.0,0,0.0036463235688849916,0,0.006796263904770878,0,0.04239381066155519
21109734,1,2513,1866,18,280840.41,False,PV,0,1,1,0.5897613725690446,1,0.9333333333333333,1,0.8340544886196671,1,0.9143495565671802,1,0.5949294138815227
21217580,1,2388,1439,16,9728834.4,False,PV,1,1,1,0.5914226368944653,1,0.8666666666666667,1,0.7298674773382255,1,0.9026343783177323,0,0.4134443148976722
21501722,0,1157,708,29,390753.57,False,PV,2,1,1,0.5384138176888305,1,0.6666666666666666,0,0.3346040447621459,1,0.504878282950377,0,0.3769165647765141
21337381,1,1627,1271,2,699240.56,False,PV,0,1,1,0.6029911331151591,1,1.0,1,0.9866274609601727,1,0.9426082406283651,1,0.616080030313898
21484396,0,1211,10,302,35584605.86,False,OI,7,1,0,0.35538792270212893,0,0.3333333333333333,0,0.027492441925497425,0,0.04080681664169946,0,0.03494359333390489
21107305,1,2513,2060,1,237726.28,False,OI,0,1,1,0.6038132288711245,1,1.0,1,0.941630805880719,1,0.9287632719593497,1,0.5694329481980751
21109479,0,2513,17,267,26600659.56,False,PV,6,1,0,0.3710627964999565,0,0.06666666666666667,0,0.004205147098296756,0,0.0010874824239369139,0,0.03981326565969077
21107590,0,2513,779,63,1132164.49,False,PV,2,1,1,0.5092885023797803,1,0.6,0,0.4052958306332798,0,0.43445820115125144,0,0.29717558521845217
21110035,0,2513,598,2,144370.66,False,OI,0,1,1,0.6029911331151591,1,0.9333333333333333,1,0.7171123619204642,1,0.9284765770295161,0,0.4192907224039336
21107407,0,2513,15,605,36012098.82,False,PV,9,2,0,0.16663061126004944,0,0.13333333333333333,0,0.013726913975186866,0,0.0027610335922306833,0,0.05913016000286377
21338284,0,1613,7,104,19219949.53,False,OI,0,1,0,0.4973440006165188,0,0.0,0,0.007028711484593837,0,0.0034039883086861367,0,0.07592914089278184
21107952,1,2513,1561,54,2047481.39,False,PV,0,1,1,0.5595431110180589,1,0.8,1,0.93651399170198,1,0.8649471868557246,0,0.40583731287455327
21480246,0,1240,178,221,7855821.22,False,OI,2,1,0,0.3916226607508292,0,0.0,0,0.0011463235688849917,0,0.010724364822210142,0,0.06555219777364896
21108494,0,2513,7,489,12871172.2,False,PV,0,2,0,0.21832998468022113,0,0.06666666666666667,0,0.0012051470982967565,0,0.0025645342250071087,0,0.022525585057968256
21481885,0,1229,584,10,15917478.45,False,PV,0,1,1,0.596393775458827,1,0.8666666666666667,1,0.6072666967535386,1,0.8819272349504144,0,0.18224557360466526
21108672,0,2513,66,60,130158181.67,False,OI,1,3,1,0.5143316146869245,0,0.3333333333333333,0,0.041865903861496516,0,0.01154614026129298,0,0.012801676475991033
21484409,0,1211,9,113,1602701.64,False,PV,12,2,1,0.5091552259444851,1,0.6666666666666666,1,0.5745932996761776,1,0.7897394801563694,0,0.3215183697757428
21346717,0,1542,463,69,4176885.89,False,PV,0,1,1,0.5369688462732227,0,0.0,0,0.03108859441212382,0,0.005001844695258437,0,0.10185220671929283
21110033,1,2513,1018,1,95714.67,False,OI,0,1,1,0.6038132288711245,1,1.0,1,0.9919571370312282,1,0.94492706784935,1,0.6146149812986555
21107274,0,2513,191,60,9159768.66,False,OI,0,1,1,0.5544571681245534,1,0.8,1,0.6048314920648192,1,0.8022481286833819,0,0.20798763643237517
21337411,0,1627,8,882,35554264.25,False,PV,56,1,0,0.06857999274957059,0,0.13333333333333333,0,0.0057609724408842055,0,0.04542960834326432,0,0.002961893860679559
21246703,0,2241,253,57,8007765.49,False,OI,3,3,1,0.5440033325279232,0,0.0,0,0.01530532212885154,0,0.004386644687865366,0,0.15015145600590274
21274733,0,1990,345,147,13266498.75,False,PV,3,1,0,0.48488603258021423,0,0.4666666666666667,0,0.08795562770562772,0,0.03878256178798829,0,0.0803928999544262
21107587,0,2513,451,525,66321753.21,False,PV,15,1,0,0.2794694688437837,0,0.0,0,0.012171358419631316,0,0.000249090003087697,0,0.059421196544114464
21274430,1,1991,1138,22,7761621.81,False,PV,3,2,1,0.5864327285175873,1,0.8666666666666667,1,0.9594659836679813,1,0.8598255093728543,0,0.39187772725819514
21266896,0,2041,858,38,2077273.68,False,PV,0,1,1,0.5307214806350367,1,0.6666666666666666,0,0.24290380416899912,0,0.45218723408481154,0,0.22493081875823687
21254950,1,2151,1186,108,2280202.66,False,PV,0,1,1,0.5134471373211826,1,0.7333333333333333,1,0.7373957081854036,1,0.7914570693056888,0,0.37443281640897325
21236190,0,2304,7,1195,84833330.92,False,PV,9,10,0,0.02410387473370824,0,0.06666666666666667,0,0.0024514486313603964,0,0.016231451523522608,0,0.00029382371418930424
21107714,1,2513,1862,9,928130.24,False,PV,1,1,1,0.5972204071872544,1,1.0,1,0.9811453380921107,1,0.9184385659457686,1,0.5689547863509857
21253841,0,2171,15,10,3526858.76,False,PV,1,1,1,0.6360744859670289,1,0.7333333333333333,0,0.07927705627705628,0,0.0006642334604557374,0,0.12537103104368494
21351483,1,1522,1844,1,85086.84,False,OI,0,1,1,0.6038132288711245,1,1.0,1,0.9938845688801717,1,0.9295623862195806,1,0.6146284931975733
21109030,0,2513,14,243,23151604.22,False,OI,15,1,0,0.3943475452435235,0,0.26666666666666666,0,0.0012051470982967565,0,0.0062871527698755035,0,0.0458846139310894
21107556,0,2513,7,154,77134031.3,False,OI,1,3,0,0.46289701421225016,0,0.0,0,0.03583579479861291,0,0.0009219106291819012,0,0.026854877689971808
21108739,1,2513,1474,219,17791557.82,False,PV,4,1,0,0.4188448109640801,1,0.7333333333333333,1,0.8044824282574353,1,0.5535062057228465,0,0.34429637708502514
21300885,0,1841,107,242,27333689.47,False,OI,10,2,0,0.38138330163214434,0,0.0,0,0.0011463235688849917,0,0.0021516242945068442,0,0.04290845457519857
21268378,0,2024,665,185,13732996.62,False,PV,2,1,0,0.40565691953129474,0,0.2,0,0.025115464062450875,0,0.10122673980898556,0,0.11449352378082066
21109476,0,2513,25,190,18717930.38,False,PV,4,1,0,0.4015224711486427,0,0.2,0,0.03215713072911754,0,0.06826521129009154,0,0.06127873123826663
21107949,0,2513,17,194,12347305.12,False,PV,4,2,0,0.4446688906461794,0,0.4666666666666667,0,0.002068110279420719,0,0.0358044454227131,0,0.06404985375832398
21107518,0,2513,191,53,44904407.84,False,PV,1,1,1,0.5950559785824708,1,0.6666666666666666,0,0.1055136113886114,0,0.0006188763373381066,0,0.06796665676971908
21318349,1,1786,1749,7,285690.31,False,OI,0,1,1,0.5988720104023736,1,0.9333333333333333,1,0.9958453235922988,1,0.9237222441341121,1,0.6228007545340828
21113554,0,2513,252,75,7208164.54,False,OI,1,1,1,0.5084412668033806,0,0.06666666666666667,0,0.13593963078816462,0,0.06527945989592962,0,0.20413016176726229
21502263,0,1155,8,132,3477211.48,False,PV,6,1,0,0.49283903918718774,1,0.6666666666666666,0,0.2905114896735686,1,0.7461563714149217,0,0.0997028984198856
21108252,0,2513,162,74,5729536.04,False,PV,0,1,1,0.5465044476493562,1,0.6666666666666666,0,0.04366071428571428,0,0.1652160382982829,0,0.10118341238291699
21107253,0,2513,150,153,36357616.03,False,OI,8,2,0,0.452342191713373,0,0.0,0,0.045259078568512745,0,0.0023337995691228813,0,0.11250300132413489
21108776,0,2513,70,181,14072116.02,False,PV,0,2,1,0.6664804975448156,0,0.0,0,0.002068110279420719,0,0.00023265907514205149,0,0.1674659983553599
21108847,0,2513,39,454,14157081.16,False,PV,11,1,0,0.23523546183653296,0,0.0,0,0.0012051470982967565,0,0.0017475100902246074,0,0.07511505652346268
21256643,0,2124,98,43,2250423.94,False,OI,0,1,1,0.6192276575789516,0,0.0,0,0.1523693780379827,0,0.000243944739736604,0,0.22591823707432057
21438333,0,1305,24,881,18544935.66,False,PV,8,3,0,0.07081899759748395,0,0.06666666666666667,0,0.030972985804592033,0,0.020809387367965757,0,0.004194071798992938
21107464,0,2513,7,1813,186341857.5,False,PV,26,4,0,0.0028847752050482696,0,0.0,0,0.015721289901201668,0,0.02301955417923507,0,2.7579565331330565e-06
21481879,0,1229,531,17,522926.45,False,PV,0,1,1,0.5905922632342596,1,0.9333333333333333,1,0.6872931559698966,1,0.9138057019161318,0,0.29738118373723843
21109452,0,2513,35,262,67462438.95,False,PV,5,1,0,0.3786980629330601,0,0.13333333333333333,0,0.0052884051530995265,0,0.011238473630729148,0,0.07431049874295853
21109419,0,2513,135,11,13326815.46,False,PV,0,1,1,0.5778943547748003,1,0.5333333333333333,0,0.10287301587301587,0,0.05342465007028674,0,0.10771380603347103
21154748,1,2481,1332,45,1632654.26,False,PV,0,1,1,0.5745798840587492,1,0.8666666666666667,1,0.7825560244299469,1,0.8660565834476454,0,0.4686821209908669
21108962,0,2513,804,406,16271142.17,False,PV,1,2,0,0.24210902409785537,0,0.06666666666666667,0,0.04288077207664655,0,0.042846933221929166,0,0.0814101614730315
21109659,1,2513,933,26,1557526.03,False,PV,0,1,1,0.5409740527443744,1,0.6666666666666666,1,0.7544702787341981,0,0.4828908112853228,0,0.46621051936838465
21108163,1,2513,2048,7,339605.71,False,OI,0,1,1,0.6061371544486436,1,1.0,1,0.9159407476074487,1,0.8862206258904439,1,0.5677316804219993
21240046,1,2271,1787,1,252825.19,False,OI,0,1,1,0.6038132288711245,1,1.0,1,0.9932054812053943,1,0.9286839041275597,1,0.6219136052569083
21275999,0,1985,7,16,3356278.86,False,OI,0,1,1,0.6257224200650026,0,0.0,0,0.10597986632139186,0,0.00041612001666881864,0,0.13152371187013043
21107442,1,2513,1345,94,17015711.48,False,OI,24,3,1,0.5254519311672331,1,0.8666666666666667,1,0.8682367803959178,1,0.7016609338381095,0,0.35310982432128124
21107463,0,2513,84,1446,188624306.21,False,OI,21,4,0,0.009781277857662559,0,0.06666666666666667,0,0.009059291768615299,0,0.036270787153568185,0,1.2245043277540328e-05
21480215,0,1241,109,323,12262195.52,False,PV,2,3,0,0.3392648814549569,0,0.26666666666666666,0,0.013373712995889311,0,0.03503956946417623,0,0.041838895824572016
21340524,0,1586,293,171,14536710.27,False,OI,1,1,0,0.46267215468237377,1,0.5333333333333333,0,0.002068110279420719,0,0.14545938905822797,0,0.0690327340274451
21218956,0,2366,15,320,6337880.29,False,PV,9,1,0,0.3303897844859852,0,0.0,0,0.02343484795299761,0,0.0016580564574547444,0,0.09921722399249196
21218949,0,2366,50,538,61794957.99,False,PV,1,1,0,0.19412320716528667,0,0.13333333333333333,0,0.3344175800552267,0,0.3251362201982086,0,0.06718373269709599
21426690,0,1334,14,78,5021431.04,False,PV,0,2,1,0.539134959028738,1,0.8666666666666667,1,0.5075965563199728,1,0.8111464977710319,0,0.221049463852461
21107585,0,2513,25,448,36337080.29,False,PV,1,1,0,0.2400752954595619,0,0.06666666666666667,0,0.001618115298027063,0,0.001391420311048165,0,0.06693988312082567
21109876,0,2513,24,316,27709215.65,False,PV,10,1,0,0.34858891379355783,0,0.26666666666666666,0,0.04395099571738455,0,0.002797638389563206,0,0.03776014058248437
21218648,1,2373,1886,7,1438453.47,False,OI,1,2,1,0.5988720104023736,1,0.8666666666666667,1,0.906751172181768,1,0.9172179295239697,1,0.5188247716317169
21493569,0,1179,414,63,3023078.31,False,OI,0,1,1,0.6060199271569741,0,0.0,0,0.07777630444490909,0,0.00022555741084920314,0,0.214810195044773
21107286,1,2513,1681,3,653861.88,False,OI,0,1,1,0.609412834531771,1,0.9333333333333333,1,0.9493680042724161,1,0.8867009346525776,1,0.6133762393026669
21109040,0,2513,210,25,16367346.14,False,OI,0,1,1,0.5719502505978409,0,0.0,0,0.052475490196078424,0,0.0028712383055903836,0,0.1504210744921116
21107343,0,2513,7,627,94445104.94,False,PV,21,4,0,0.14534876184832216,0,0.06666666666666667,0,0.0024514486313603964,0,0.005351126073375612,0,0.0025818194099732896
21107311,1,2513,1500,21,739760.55,False,PV,5,1,1,0.5872656428444866,1,0.9333333333333333,1,0.9816819842115474,1,0.908849307748169,1,0.6135589281739021
21237981,0,2292,7,673,49552345.18,False,PV,1,1,0,0.13352143070673989,0,0.06666666666666667,0,0.040800146298419195,0,0.05609884147609337,0,0.010285689927700976
21221368,0,2333,7,425,29657793.01,False,PV,2,2,0,0.28473212177625834,0,0.06666666666666667,0,0.013726913975186866,0,0.00034658028616711185,0,0.021016227835489284
21108119,0,2513,35,29,3381743.83,False,PV,0,1,1,0.5819142058432807,1,0.8,0,0.08308858543417365,0,0.07336252160960871,0,0.1281098908776635
21108556,0,2513,43,203,4587686.45,False,PV,2,1,0,0.4358366335397061,0,0.4666666666666667,0,0.0065125547238651625,0,0.11928080517897195,0,0.12249979741614342
21107439,0,2513,7,579,76642929.56,False,OI,13,2,0,0.17664158528419416,0,0.06666666666666667,0,0.005981703247217522,0,0.02081646721246694,0,0.004511616024206533
21345947,0,1551,655,24,907121.07,False,PV,13,1,1,0.5426796835995014,1,0.6666666666666666,1,0.5732529627168824,1,0.5008441667839633,0,0.39506168502608585
21108237,0,2513,59,352,62552240.2,False,PV,4,3,0,0.3055560630256455,0,0.06666666666666667,0,0.008121738486432861,0,0.0012714224184179482,0,0.01742581188927346
21108604,0,2513,66,34,97479298.21,False,PV,0,5,1,0.570914483492039,1,0.6,0,0.05221358543417367,0,0.036956222884655054,0,0.03880438319637319
21108625,0,2513,80,70,6032366.85,False,PV,0,1,1,0.5156185252100467,0,0.0,0,0.026989233962767787,0,0.04661512988314231,0,0.09931389654757475
21107297,0,2513,342,189,6550213.45,False,PV,0,2,1,0.5177724082855916,1,0.7333333333333333,0,0.12647593445980543,0,0.0004670859908188154,0,0.1309325274392437
21235620,0,2312,56,79,15932484.89,False,OI,1,1,1,0.5496241701822053,0,0.2,0,0.039119047619047616,0,0.002022865506770821,0,0.08532311459030037
21107361,0,2513,9,547,19363636.07,False,PV,57,1,0,0.1758651506707902,0,0.0,0,0.0013093670471458613,0,0.0061591630470665655,0,0.015914640185250597
21286744,1,1907,1332,27,3052936.65,False,PV,0,1,1,0.5822608251352197,1,0.8,1,0.7881629344029843,1,0.8878766449600245,0,0.40654697973747184
21107364,0,2513,37,504,66852121.39,False,PV,27,2,0,0.21262608485981138,0,0.13333333333333333,0,0.008451448631360397,0,0.316360351419046,0,0.059959271295903616
21109641,0,2513,35,44,12637910.48,False,PV,2,1,1,0.5346737823171122,0,0.4666666666666667,0,0.022995177365770014,0,0.19998644674386234,0,0.10023334652955188
21108196,0,2513,116,14,1677709.47,False,OI,0,2,1,0.6044054736716975,1,0.8,0,0.22653334818775994,0,0.3349966093298384,0,0.23918861201483743
21107392,0,2513,7,1965,108563523.78,False,PV,4,1,0,0.0017678698421612412,0,0.0,0,0.009054623234535,0,0.010949986445162027,0,7.184945427981824e-06
21493651,0,1178,98,126,3475364.78,False,PV,9,1,0,0.49799151814944737,1,0.6666666666666666,0,0.2382138706259495,1,0.7551843499157944,0,0.09863776625611943
21107346,0,2513,7,3659,344504831.02,False,PV,81,3,0,5.492834321989053e-06,0,0.0,0,0.012169264342036681,0,0.0005708465375998575,0,4.721305229236286e-11
21221343,0,2333,29,337,13689460.36,False,OI,3,1,0,0.3265172527946273,0,0.3333333333333333,0,0.02786776061493693,0,0.220949818678455,0,0.0938653977557308
21108288,0,2513,7,855,321235891.17,False,OI,4,1,0,0.07487307833323463,0,0.2,0,0.042010972440884205,1,0.5357933565342645,0,0.002509609421440192
21320909,1,1751,1709,1,307481.26,False,OI,0,1,1,0.6038132288711245,1,1.0,1,0.9913889552130464,1,0.9442774434353005,1,0.5718436899789935
21110036,0,2513,8,1406,216681624.19,False,PV,52,4,0,0.012230406278147452,0,0.2,0,0.014960931008703347,0,0.14292936272910756,0,8.146590702092342e-06
21339345,0,1599,7,502,12745557.54,False,OI,2,2,0,0.2109692761485758,1,0.5333333333333333,0,0.03464796406367424,0,0.0002107615104174,0,0.023984485107502337
21108950,1,2513,1985,11,256630.24,False,PV,0,1,1,0.5955665960845554,1,0.9333333333333333,1,0.9522989113648205,1,0.9205615256696751,1,0.6217911487861438
21312950,1,1816,1466,145,9635101.44,False,OI,2,2,0,0.4816820095898841,1,0.8,1,0.866697089367992,1,0.6825207245782842,0,0.392241903207622
21447613,0,1296,7,59,11101368.6,False,OI,2,1,1,0.5556330307772931,1,0.8,0,0.22636233190354257,1,0.773669252080089,0,0.16587435206370982
21108458,1,2513,1914,4,150658.7,False,PV,0,1,1,0.601345200054287,1,0.9333333333333333,1,0.7901437027061158,1,0.9268709582885275,1,0.5312590433706716
21441920,0,1302,21,41,14446670.3,False,PV,0,1,1,0.5664111562116332,1,0.6666666666666666,0,0.03902816150850583,0,0.09449324452069613,0,0.09627864642967984
21108423,1,2513,869,3,1118323.19,False,OI,0,1,1,0.5605209565848798,1,0.6,1,0.8274566970357451,1,0.7026852073152106,1,0.5052810436215344
21107235,0,2513,576,113,3095474.81,False,OI,2,1,0,0.49995188576976207,0,0.06666666666666667,0,0.156949004553912,0,0.004057762159139002,0,0.19473027699811907
21493488,0,1180,7,32,15593415.44,False,OI,2,2,1,0.5773577829084257,1,0.6666666666666666,0,0.10814720912755345,1,0.7949895309482695,0,0.11462054045517901
21487232,0,1193,273,66,3725868.64,False,OI,6,1,1,0.54057230534867,0,0.13333333333333333,0,0.04079097536450478,0,0.005924590730363153,0,0.16067136571212598
21218955,1,1666,959,71,3628649.95,False,PV,2,1,1,0.502418941789323,1,0.5333333333333333,0,0.3052052335991393,0,0.3658299192689056,0,0.33452449142420626
21428220,0,1326,7,3461,420838190.53,False,PV,91,11,0,1.024136112795705e-05,0,0.0,0,0.009054623234535,0,0.005554641529147747,0,2.2634561990029084e-11
21110072,0,2513,769,51,5261437.2,False,PV,0,2,1,0.5195854604806299,0,0.4666666666666667,0,0.05589841541732111,0,0.3604078692082614,0,0.1075765038243885
21109036,0,2513,812,6,4611074.51,False,PV,0,1,1,0.5579806640773327,1,0.6,0,0.10998740567542901,0,0.4442496036433645,0,0.17002953954961414
21266043,1,2053,1978,19,353387.71,False,OI,1,1,1,0.5889299693231869,1,0.9333333333333333,1,0.8827323883061875,1,0.9130215790327338,1,0.6045752700965596
21108150,0,2513,16,788,133223456.0,False,OI,22,1,0,0.09649907096730441,0,0.2,0,0.015277157792672065,0,0.009609593325918379,0,0.0005987820951982349
21107853,0,2513,496,25,3727084.8,False,PV,0,1,1,0.5601246960411803,0,0.0,0,0.06593111824336174,0,0.030484643255774553,0,0.16870942279339313
21108656,0,2513,22,32,1032968.83,False,OI,0,3,1,0.5580064354227198,0,0.0,0,0.38857792222256954,0,0.021681989214352333,0,0.2828167054163367
21107278,0,2513,35,374,29905492.31,False,PV,1,1,0,0.29448586869863214,0,0.2,0,0.001618115298027063,0,0.01685251581798812,0,0.02539509328702005
21109449,1,2513,1530,25,7001731.79,False,PV,1,1,1,0.5839310348584914,1,0.8666666666666667,1,0.9665421330932686,1,0.8619858533352619,0,0.49706284250145
21107258,0,2513,16,660,105377481.23,False,OI,17,2,0,0.14250049356824906,0,0.06666666666666667,0,0.014648369913884187,0,0.00564222277613213,0,0.006802739647600296
21109277,0,2513,668,14,5071177.13,False,OI,1,1,1,0.551192052895098,1,0.5333333333333333,0,0.0927016913897147,0,0.4213917769566976,0,0.11735889602838913
21268143,1,2026,1597,34,4891558.92,False,OI,4,2,1,0.5764004539862452,1,0.8,1,0.8197846636939231,1,0.867181863769587,0,0.407404575435909
21107269,1,2513,1533,20,13848617.82,False,PV,0,1,1,0.5880980579325661,1,0.7333333333333333,1,0.9143333802313497,1,0.8163937140176408,0,0.42727656342883324
21107294,0,2513,66,480,40384985.4,False,PV,8,1,0,0.21285921171983585,0,0.26666666666666666,0,0.0710916149068323,0,0.0003065446047632079,0,0.07131764020542133
21374791,0,1410,51,30,7948022.47,False,PV,0,1,1,0.5509154394609597,0,0.0,0,0.017687528499772,0,0.04290531085966011,0,0.15708606521669405
21345669,0,1556,858,27,14338132.78,False,PV,0,1,1,0.5401208746272839,0,0.4666666666666667,0,0.04667543088551304,0,0.21852663774270883,0,0.10740629750048972
21218577,0,2374,540,41,2927546.64,False,OI,0,2,1,0.5528143044976266,0,0.4,0,0.08400335546512457,0,0.007745143368233816,0,0.1155780811005227
21278437,0,1968,9,630,30095320.39,False,PV,16,2,0,0.136800136875726,0,0.0,0,0.0015592917686152986,0,0.009355198706876525,0,0.009276807896424774
21108898,1,2513,1576,5,277577.41,False,PV,0,1,1,0.6005213712448971,1,1.0,1,0.9695703994224395,1,0.9253888544584401,1,0.6233346761428553
21107451,0,2513,13,233,19270653.48,False,PV,2,3,0,0.4068175946834889,1,0.7333333333333333,0,0.04552534722337494,1,0.526577543584348,0,0.058110077292857186
21107383,0,2513,7,1959,218885247.7,False,OI,72,1,0,0.0017696441013671323,0,0.06666666666666667,0,0.015721289901201668,0,0.016290418759200058,0,7.678210656517551e-07
21107505,0,2513,7,1114,169855319.96,False,OI,17,3,0,0.028860459825645238,0,0.2,0,0.006559291768615298,0,0.04307848238628459,0,7.22717377129643e-05
21299664,1,1850,1306,73,8610037.95,False,OI,0,1,1,0.5433998122313688,1,0.7333333333333333,1,0.6711610375193645,1,0.789383967413513,0,0.325426547876255
21107547,1,2513,1621,1147,252228907.44,False,OI,19,49,0,0.02887495577210938,0,0.2,1,0.7512621916455451,0,0.4969007730645433,0,0.2675116343518184
21109407,1,2513,1933,9,522208.26,False,PV,0,1,1,0.5972204071872544,1,0.9333333333333333,1,0.8855503497471223,1,0.9207467627286142,0,0.4569744567595337
21107481,0,2513,9,183,6455319.7,False,OI,1,1,0,0.46760350142926094,0,0.0,0,0.0037347769460873855,0,0.0006625020724224103,0,0.1248160450861056
21374915,1,1409,1094,1,57364.18,False,OI,0,1,1,0.6038132288711245,1,1.0,1,0.9938845688801717,1,0.9297068893884733,1,0.6146640086685068
21113570,1,2513,1914,2,365812.91,False,OI,0,1,1,0.6029911331151591,1,0.9333333333333333,1,0.9819039228499565,1,0.9273033643453124,1,0.5740070439676708
21425332,0,1354,8,535,11697959.48,False,PV,12,1,0,0.20402159346674778,1,0.6666666666666666,0,0.12268629908103591,0,0.01292176284450944,0,0.07429948377400701
21215966,0,2405,316,55,13189723.81,False,PV,0,1,1,0.5291740753526771,0,0.4,0,0.04234079809079809,0,0.011150206518920326,0,0.0943390038879551
21318072,0,1788,36,46,15767023.78,False,OI,1,1,1,0.5329574406663485,0,0.0,0,0.011947558318150966,0,0.03967826356936934,0,0.09345225370727171
21425302,0,1354,7,422,19085801.51,False,PV,7,1,0,0.2679534510187735,0,0.26666666666666666,0,0.019260864592470818,0,0.024182460529254716,0,0.0258712037144713
21109066,1,2513,1560,11,1623876.95,False,PV,0,1,1,0.5955665960845554,1,0.8666666666666667,1,0.8583924616812675,1,0.9126122674219147,0,0.4650414546057222
21113559,1,2513,1989,9,266807.21,False,OI,2,1,1,0.5972204071872544,1,0.9333333333333333,1,0.9440177263529372,1,0.9221783724510908,1,0.6223014816861445
21266036,1,2053,2004,4,274805.86,False,PV,0,1,1,0.6085948261861387,1,1.0,1,0.9532707820501939,1,0.8875000505967829,1,0.6235999904082415
21480242,0,1240,7,36,11662635.99,False,OI,0,3,1,0.5628752675459948,1,0.6666666666666666,0,0.014308823529411764,0,0.029288917063581835,0,0.1534364288284248
21108632,1,2513,1172,334,21147342.06,False,PV,0,5,0,0.32682566210955566,0,0.3333333333333333,1,0.8394813644554274,0,0.4303689330233571,0,0.3244794162656367
21487379,0,1192,736,12,4355008.65,False,PV,0,1,1,0.5603776939555237,0,0.4,0,0.08578435285178353,0,0.030126144569099945,0,0.1737918094041507
21343981,1,1568,1270,8,384853.92,False,OI,0,1,1,0.5980464869407146,1,0.9333333333333333,1,0.9883338293394253,1,0.9223504359848007,1,0.572412029758375
21287758,0,1898,7,409,11910535.66,False,OI,7,1,0,0.2631738043327347,0,0.0,0,0.0012051470982967565,0,0.001852264725878097,0,0.03093294371168174
21108060,1,2513,1774,7,1048416.79,False,OI,2,1,1,0.5988720104023736,1,0.9333333333333333,1,0.9796126801182762,1,0.9194548882241437,1,0.5093240752904611
21154162,0,2492,7,225,41193657.49,False,PV,5,1,0,0.4085644493649125,0,0.26666666666666666,0,0.012080071819766194,0,0.003827015398252993,0,0.0408611338631101
21428178,0,1326,9,568,80656623.01,False,PV,28,1,0,0.17665257136657836,0,0.06666666666666667,0,0.0024514486313603964,0,0.0693971624132407,0,0.004354046376798718
21107353,0,2513,401,103,7959133.26,False,PV,1,2,1,0.5245269807001705,1,0.5333333333333333,0,0.06678159340659341,0,0.015499080245627234,0,0.15139233498132063
21109959,0,2513,39,334,15442811.33,False,PV,1,1,0,0.32112096736690904,0,0.06666666666666667,0,0.010371813764963423,0,0.00169993686215519,0,0.038104367554563055
21432917,0,1311,16,549,55012371.56,False,PV,23,1,0,0.18384739443870673,0,0.06666666666666667,0,0.0024514486313603964,0,0.0023273936448699396,0,0.05786143362743639
21108590,1,2513,1775,91,6890075.81,False,PV,0,3,1,0.5280210372732326,1,0.8666666666666667,1,0.937042442054521,1,0.7784127231762581,0,0.4780690755213103
21278715,0,1967,483,623,47558642.04,False,PV,83,2,0,0.13223058936499613,0,0.0,0,0.013787069546393076,0,0.01912035416389938,0,0.00924855811615464
21326959,0,1698,7,180,20421429.73,False,OI,3,5,0,0.43972743166302014,0,0.0,0,0.01245769622695823,0,0.0014019838592053502,0,0.10909310940842606
21108065,0,2513,45,129,21495218.69,False,PV,1,1,0,0.45388975130519815,0,0.2,0,0.07529869889948683,0,0.06074551812115579,0,0.11817162932543179
21108046,1,2513,890,17,732845.73,False,PV,0,1,1,0.5486412587590128,1,0.6666666666666666,1,0.7839669415485087,1,0.5155498114474762,1,0.5721122902294986
21107333,0,2513,7,2669,267519705.13,False,OI,35,1,0,0.0001642739954332954,0,0.06666666666666667,0,0.021335931008703346,0,0.004617983008138636,0,0.05250001447316596
21107348,0,2513,15,486,34111327.93,False,PV,28,1,0,0.20903998368329196,0,0.0,0,0.0015592917686152986,0,0.003878497655540196,0,0.015232043319586957
21107798,0,2513,28,36,1998242.42,False,PV,1,2,1,0.545408947805321,0,0.0,0,0.1708082979604414,0,0.07560276426971366,0,0.21554984343905154
21108987,0,2513,7,102,55745218.21,False,OI,1,1,1,0.5326399141001884,0,0.0,0,0.03864502164502165,0,0.0007013054207433591,0,0.09555539475766939
21109041,0,2513,219,5,1612802.52,False,OI,0,1,1,0.6005213712448971,1,0.8666666666666667,1,0.5424337435004083,1,0.9179307815415151,0,0.3391248290012413
21107702,1,2513,1527,34,870976.54,False,PV,0,1,1,0.5764004539862452,1,0.8666666666666667,1,0.8472622323209669,1,0.8953375201214651,1,0.5150027468154084
21107369,1,2513,1533,17,1644895.14,False,OI,0,2,1,0.5905922632342596,1,0.8666666666666667,1,0.8649515278337344,1,0.9069907789802123,0,0.46844696824036697
21110081,1,2513,1946,2,665836.77,False,OI,0,2,1,0.6029911331151591,1,0.9333333333333333,1,0.9793398202858539,1,0.9256941617371138,1,0.6211227154841308
21108737,0,2513,144,129,5695116.36,False,PV,3,1,0,0.4701661314089159,0,0.0,0,0.11501667052061597,0,0.015152214732961257,0,0.08784415545944849
21131148,1,2513,1801,26,1023164.59,False,PV,0,1,1,0.5830961683862405,1,0.9333333333333333,1,0.9570450840746473,1,0.9023185007891917,1,0.5018924035826999
21108983,0,2513,56,13,2104587.53,False,OI,1,2,1,0.5520417262898626,1,0.6,0,0.3218035005084654,0,0.4905538814882295,0,0.23140375236904162
21341632,0,1575,7,1115,110792796.47,False,OI,11,9,0,0.03382935995872338,0,0.06666666666666667,0,0.014309415857188196,0,0.008345487213371932,0,0.0027413438715686816
21217758,1,2377,1654,102,7991239.33,False,OI,0,1,1,0.5185947589966666,1,0.8666666666666667,1,0.8477307814928605,1,0.7544831633037116,0,0.35409465560662123
21482356,0,1225,11,274,8878116.7,False,PV,52,1,0,0.3912651213671435,0,0.0,0,0.011707046329222643,0,0.0005572884008059133,0,0.10229628328280015
21480319,0,1239,211,212,2972379.91,False,OI,23,1,0,0.47584965218334646,0,0.0,0,0.061001757381672475,0,0.0002316239217044258,0,0.07476893602839195
21300713,0,1842,7,555,31014297.11,False,OI,7,1,0,0.17411430796620136,0,0.0,0,0.0015592917686152986,0,0.004121827997843163,0,0.012307463835805776
21316221,0,1801,69,162,16054406.56,False,PV,9,1,0,0.4745579182135798,0,0.2,0,0.031045121773673592,0,0.006552886056200585,0,0.11935522050243104
21109946,1,2513,1919,8,319085.8,False,PV,0,1,1,0.5980464869407146,1,0.9333333333333333,1,0.9870119902589656,1,0.9227158479455608,1,0.5674962509505053
21107341,1,2513,1876,15,584916.86,False,OI,0,1,1,0.592252489136897,1,0.9333333333333333,1,0.9418008580880136,1,0.9152159211143952,0,0.47282474149614173
21109747,0,2513,35,327,8364577.56,False,PV,19,1,0,0.3308430511792834,0,0.3333333333333333,0,0.01453848043163009,0,0.22833106027020988,0,0.09408472313931682
21326950,0,1698,808,63,5046671.84,False,PV,0,2,1,0.5168672174270669,0,0.4666666666666667,0,0.06349160801492106,0,0.02467657376627414,0,0.10729317070632143
21109120,0,2513,52,51,11281634.81,False,PV,1,2,1,0.5339915888230489,0,0.0,0,0.008389909452152953,0,0.02395255131463307,0,0.15014258743264772
21109162,0,2513,198,117,22035606.2,False,OI,2,1,0,0.48687308011072683,0,0.0,0,0.03418928059028489,0,0.0026832967116908533,0,0.12013237232652126
21109979,0,2513,9,83,8035775.2,False,PV,8,3,1,0.5131233090310507,0,0.0,0,0.01755657611881962,0,0.009974408173296678,0,0.14615556764440718
21108905,0,2513,24,27,2123847.13,False,PV,0,1,1,0.5822608251352197,1,0.8,1,0.6323961915573263,1,0.8941418594669929,0,0.2502290566093695
21108711,1,2513,1548,17,4506682.189999999,False,PV,0,1,1,0.5905922632342596,1,0.8,1,0.9023970793749307,1,0.8883852052702607,0,0.3897974404236123
21107345,0,2513,9,1361,130591447.8,False,PV,53,2,0,0.015104231018158467,0,0.0,0,0.0047260825238548635,0,0.006960841025641602,0,5.7430519623040096e-05
21375342,0,1402,9,463,24401951.68,False,PV,1,2,0,0.2186999255795721,0,0.0,0,0.0013093670471458613,0,0.00639562740188488,0,0.020046472589348982
21107371,0,2513,38,972,169618203.73,False,PV,29,5,0,0.04933172591079609,0,0.13333333333333333,0,0.009951448631360396,0,0.021681270966895892,0,0.00013162180214198674
21107772,0,2513,85,113,13554698.65,False,PV,1,3,0,0.46639897537610236,0,0.2,0,0.08229918025978794,0,0.14771077246617928,0,0.09263756868176047
21107420,0,2513,7,1538,183507903.5,False,PV,21,10,0,0.008268782002009608,0,0.13333333333333333,0,0.004044264342036682,0,0.006204981572127266,0,9.249807655840818e-06
21108650,0,2513,8,347,37384207.57,False,PV,3,1,0,0.3425531936077043,0,0.06666666666666667,0,0.032236489544545055,0,0.00030876699297258776,0,0.0769928944070191
21268819,1,2020,1018,90,1798700.68,False,PV,0,1,1,0.528877083005149,1,0.8,1,0.8498974634430694,1,0.8208061049542908,0,0.35949356949033545
21483898,0,1215,32,23,2169903.89,False,PV,3,1,1,0.6071013375134722,0,0.0,0,0.14692732116539847,0,0.0010411130738209008,0,0.17871214250023326
21237978,0,2292,80,172,9702358.14,False,OI,2,1,0,0.4515288097715526,0,0.4,0,0.0009993628936248989,0,0.0028185866146233714,0,0.17126801197336952
21239405,1,2277,1256,19,2240501.74,False,OI,0,2,1,0.5889299693231869,1,0.8,1,0.7874860446354345,1,0.9013306386166456,0,0.4121645481525872
21482138,0,1225,66,93,19119009.68,False,PV,3,1,1,0.5393570822894399,0,0.06666666666666667,0,0.06778787878787879,0,0.001206740178211504,0,0.08099886477095132
21107733,0,2513,7,2138,340336249.15,False,OI,23,4,0,0.0009621521592414695,0,0.06666666666666667,0,0.009054623234535,0,0.01188724615480829,0,3.009056704956683e-08
21107304,1,2513,1444,97,16112677.58,False,PV,5,7,1,0.5304438138728393,1,0.8666666666666667,1,0.8710352096380324,1,0.7512930953184231,0,0.348434707122278
21107425,1,2513,1072,355,36453882.33,False,PV,46,5,0,0.31115633647486063,0,0.3333333333333333,1,0.8291746549432917,0,0.41324546873862517,0,0.3066755136129369
21154584,0,2485,7,1506,49073234.95,False,PV,35,1,0,0.00805851714221648,0,0.06666666666666667,0,0.002618115298027063,0,0.06623127698352237,0,0.00016627330397987947
21274897,1,1988,1866,2,2127170.57,False,PV,0,1,1,0.6029911331151591,1,0.8666666666666667,1,0.8040396026513059,1,0.9175388206131218,0,0.3792512633014694
21109065,0,2513,7,412,23110046.09,False,OI,2,1,0,0.2703462998065518,0,0.3333333333333333,0,0.021771724034969128,0,0.2977918313726608,0,0.024944657100175453
21108383,0,2513,30,112,18720194.45,False,PV,0,2,1,0.5239850400354954,0,0.06666666666666667,0,0.03527380952380952,0,0.0009897856586985614,0,0.07470482656017852
21107687,0,2513,7,214,12155148.34,False,PV,2,1,0,0.41261888819808407,0,0.0,0,0.0009993628936248989,0,0.0016004457539098194,0,0.06032041357013838
21108525,0,2513,9,36,6511604.46,False,PV,0,1,1,0.5665772687967919,0,0.3333333333333333,0,0.05435724520577462,0,0.007000117987988541,0,0.15985006717886524
21502245,0,1155,7,725,11305751.18,False,PV,9,1,0,0.169271627986217,0,0.0,0,0.01694514156731788,0,0.0003063260651309503,0,0.06416304563042662
21107416,0,2513,7,1715,307343810.64,False,PV,21,15,0,0.0040879656448074625,0,0.06666666666666667,0,0.004951448631360396,0,0.019088905218063983,0,3.481156281905231e-07
21481881,0,1229,269,32,3077509.72,False,PV,2,2,1,0.5689740862923409,0,0.3333333333333333,0,0.14384305729696045,0,0.008174063135981659,0,0.22271785617895243
21107440,0,2513,35,473,19380888.37,False,PV,12,2,0,0.21234672210831185,0,0.0,0,0.0013093670471458613,0,0.007831254538892463,0,0.02120098731916138
21109843,0,2513,46,45,18556211.62,False,OI,4,2,1,0.5830835202154825,0,0.0,0,0.11718614718614719,0,0.0008658264712609724,0,0.10287353636605788
21334568,0,1653,9,344,8308485.62,False,PV,2,1,0,0.32606034337874784,0,0.06666666666666667,0,0.014534427281603592,0,0.005241366180577736,0,0.04159797569256443
21338132,0,1614,7,358,11490285.7,False,OI,17,2,0,0.29450780575142566,0,0.0,0,0.01606299023555166,0,0.0027901047180578435,0,0.09497801741916723
21107586,0,2513,234,221,14661380.02,False,PV,33,1,0,0.3987112136504638,0,0.0,0,0.0036463235688849916,0,0.003111625539429382,0,0.06170461395833993
21330874,0,1673,11,104,5070974.76,False,PV,2,1,1,0.6138772069848637,0,0.0,0,0.053625,0,0.00018651194461088752,0,0.10206897880858944
21110039,1,2513,1900,28,1225572.6,False,PV,0,1,1,0.581425009630169,1,0.9333333333333333,1,0.9410809723056576,1,0.8990474267147052,0,0.4861130609651795
21107298,0,2513,738,15,7436600.74,False,PV,1,1,1,0.557837226590217,0,0.13333333333333333,0,0.10797630811873878,0,0.036498161753032964,0,0.17909617455176408
21108133,0,2513,7,1422,192933142.95,False,PV,18,1,0,0.011257587366364195,0,0.2,0,0.00953478196469373,0,0.039921047379985156,0,1.239562610920945e-05
21352533,0,1509,7,919,21902463.71,False,PV,6,2,0,0.061542082204846256,1,0.6,0,0.09231497579590336,0,5.47047606000667e-05,0,0.0633504095837616
21486763,0,1198,8,423,11463228.55,False,PV,12,1,0,0.30807875109867805,1,0.6,0,0.12168629908103591,0,0.0005843276830954495,0,0.08711676377768385
21107469,0,2513,678,158,4825395.42,False,PV,1,1,0,0.42820078157299496,0,0.2,0,0.09781832084619001,0,0.2261809089073168,0,0.20961655485959438
21362455,0,1480,340,7,7044716.46,False,OI,0,4,1,0.5828510167992828,1,0.8,0,0.1687929594914889,0,0.07455201831367857,0,0.27666864132853736
21107366,0,2513,9,1289,146773316.44,False,PV,26,1,0,0.018312955739014036,0,0.06666666666666667,0,0.0047260825238548635,0,0.04628748750499829,0,5.572979100872913e-05
21113580,0,2513,7,1181,164802020.41,False,OI,12,3,0,0.02672606229889648,0,0.2,0,0.011559415857188197,0,0.012039926209536573,0,0.0025605450454995
21109466,0,2513,16,317,40061495.87,False,OI,7,2,0,0.3509453783135035,0,0.06666666666666667,0,0.02307577525883077,0,0.0010898085574848953,0,0.07860215211361644
21107588,0,2513,7,999,216513441.06,False,PV,8,3,0,0.041337966748409644,0,0.2,0,0.0479640536733772,0,0.044563924204236584,0,4.49665584768046e-05
21107472,0,2513,23,1060,42998234.24,False,PV,2,1,0,0.03829958401917511,0,0.06666666666666667,0,0.003451448631360396,0,0.02124684651863663,0,0.0012148302980933361
21108972,1,2513,1967,22,3781779.91,False,PV,0,1,1,0.5864327285175873,1,0.8666666666666667,1,0.6184046624728363,1,0.8881275112042274,0,0.2719196077439299
21108647,1,2513,1541,55,4074712.74,False,OI,1,1,1,0.5586962917992195,1,0.8,0,0.4572091208086245,1,0.8483760905643368,0,0.18803820301064625
21108205,1,2513,1596,61,2971239.09,False,PV,3,1,1,0.5536083715469463,1,0.8,1,0.6275250935139784,1,0.8494410062519103,0,0.20038474690866775
21494984,0,1172,7,119,1156278.42,False,PV,10,1,1,0.5040032059418904,1,0.6666666666666666,1,0.6490914654309475,1,0.7845581277934384,0,0.38058256374699034
21107756,0,2513,316,6,1231200.8,False,OI,0,2,1,0.5996969732677698,1,0.8666666666666667,1,0.8587836622611331,1,0.9192622157289239,0,0.4393517195693609
21218513,1,2375,1085,10,354412.16,False,PV,9,2,1,0.596393775458827,1,0.9333333333333333,1,0.9736537365563914,1,0.9208518935487667,1,0.6169276215109453
21109972,1,2513,1914,11,491502.53,False,PV,0,1,1,0.5955665960845554,1,0.9333333333333333,1,0.9219592921119469,1,0.9192279865290216,0,0.42649046917679834
21264572,0,2073,401,271,28174260.06,False,PV,0,1,0,0.36479517195378447,0,0.06666666666666667,0,0.0046989742587905834,0,0.001184981402601639,0,0.038199932614597865
21109467,0,2513,654,124,4717955.53,False,PV,3,1,0,0.457007592177627,0,0.3333333333333333,0,0.2331334638077812,0,0.26877831684016085,0,0.2076619722358474
21109016,0,2513,85,194,3750696.57,False,PV,0,1,0,0.4530928015572606,0,0.0,0,0.012345888057198495,0,0.0013825378457030097,0,0.122797870654032
21108735,0,2513,52,446,16963945.11,False,PV,3,1,0,0.2424362917527372,0,0.0,0,0.006681337574487232,0,0.0014310250144225311,0,0.0795775836539333
21109343,0,2513,14,35,4691699.96,False,PV,0,1,1,0.542924818781611,0,0.4,0,0.05753988233988233,0,0.02289063912075218,0,0.21739843639752926
21108511,0,2513,9,1080,75046871.36,False,PV,11,1,0,0.039582191880990845,0,0.06666666666666667,0,0.018059415857188194,0,0.0021805956497209906,0,0.0030806799411444985
21320900,0,1751,428,10,3889780.54,False,OI,0,1,1,0.888332646684705,1,0.6,0,0.07927705627705628,0,0.00024332343079899033,0,0.17491157970310653
21108871,1,2513,1851,45,2123041.09,False,PV,3,1,1,0.5671483259911817,1,0.8,1,0.807760939108683,1,0.8748049170791428,0,0.295561932962049
21339455,0,1599,36,1099,31367487.44,False,PV,24,2,0,0.036645322894368414,0,0.0,0,0.023054626585157542,0,0.002696835905132731,0,0.003808985957892993
21428173,0,1326,653,141,3227298.49,False,OI,1,1,0,0.45005231434387105,0,0.4,0,0.20977618220049954,0,0.02040903077989961,0,0.13286160413783038
21504498,0,1149,317,171,3723997.89,False,OI,16,1,0,0.44798129202336917,0,0.0,0,0.034062397081659083,0,0.0028184798857267745,0,0.13289685585646407
21107533,0,2513,8,656,99865551.22,False,OI,37,2,0,0.13184414069403247,0,0.06666666666666667,0,0.008868115298027062,0,0.007391228326468853,0,0.007050418700662628
21236707,0,2299,17,441,62266127.96,False,OI,11,6,0,0.264815657370679,0,0.0,0,0.012171358419631316,0,0.0007936578393217074,0,0.010534199503433244
21109024,0,2513,52,83,75981363.32000001,False,OI,6,2,1,0.5254724801233989,0,0.0,0,0.019773109243697476,0,0.0009692602407391936,0,0.0373811948759824
21477184,0,1276,615,44,3202610.65,False,PV,2,1,1,0.5210539918424355,1,0.6,0,0.21401349478240048,1,0.6159214998206062,0,0.20945636878316193
21108172,0,2513,9,224,20975121.73,False,PV,3,2,0,0.4039718634185683,0,0.0,0,0.01266348043163009,0,0.0012456787206183734,0,0.10822172674224784
21345274,0,1561,30,46,7508182.57,False,PV,6,1,1,0.5584956067905714,0,0.26666666666666666,0,0.13013944911297853,0,0.006492874257385151,0,0.15605066496471298
21107896,0,2513,7,107,25287274.26,False,OI,1,1,0,0.4968371442678721,0,0.0,0,0.0374453781512605,0,0.0021004711624064663,0,0.06888988721999922
21109315,1,2513,2061,9,242033.32,False,OI,0,1,1,0.5972204071872544,1,0.9333333333333333,1,0.8353760801111065,1,0.922316381948487,0,0.4923332051270364
21107457,1,2513,1256,578,65250216.57,False,PV,45,2,0,0.17353303948868296,0,0.13333333333333333,1,0.7610261904850445,0,0.31937562824299726,0,0.2481947095545779
21241327,1,2261,1481,4,516499.56,False,OI,0,1,1,0.6085948261861387,1,0.9333333333333333,1,0.9120465757009876,1,0.8867623871510923,0,0.450790402441839
21107272,0,2513,9,779,89233151.34,False,PV,3,2,0,0.09178681148285,0,0.06666666666666667,0,0.004701448631360397,0,0.008519677015047817,0,0.0015262574456481205
21110030,0,2513,9,1398,234653700.51,False,PV,46,4,0,0.012215625195949951,0,0.13333333333333333,0,0.00578478196469373,0,0.07636780328110775,0,0.050005828353525156
21107327,0,2513,9,1772,228067477.58,False,PV,14,5,0,0.0035531782609029396,0,0.06666666666666667,0,0.007044264342036682,0,0.02967499103169306,0,1.3923269239145687e-06
21266313,0,2048,843,15,533002.9,False,PV,0,1,1,0.5503420806003813,1,0.6666666666666666,1,0.6112001196023383,1,0.5231009571115098,0,0.34789071798109417
21264548,0,2073,158,77,4359890.810000001,False,PV,0,1,1,0.5399884084319845,1,0.8666666666666667,0,0.49831084203425857,1,0.8177870354151703,0,0.23711109125284957
21109635,0,2513,748,22,47256319.4,False,PV,2,3,1,0.544384314448835,0,0.3333333333333333,0,0.08816348792651127,0,0.05484520497350134,0,0.08178782182273577
21330867,0,1673,7,1107,29353045.09,False,OI,28,1,0,0.03348854473527212,0,0.06666666666666667,0,0.023054626585157542,0,0.05410076960530068,0,0.0038191488253413895
21319311,0,1772,675,105,3841615.37,False,OI,0,1,0,0.47324444786870906,0,0.4666666666666667,0,0.2020052167707025,0,0.3114175401600803,0,0.23329293999508924
21109365,0,2513,7,1403,96457191.37,False,OI,21,3,0,0.012414311713647567,1,0.6,0,0.11086274002354564,0,0.0005521999651005061,0,0.010096944694488836
21108755,0,2513,10,845,70334415.22,False,PV,33,1,0,0.07383990768607121,0,0.06666666666666667,0,0.009094305774217538,0,0.01079736595082959,0,0.051704025477485274
21108700,0,2513,451,90,15541189.29,False,OI,0,1,1,0.528877083005149,1,0.8,1,0.8238082089673466,1,0.7161860631339052,0,0.2806969625160082
21339648,0,1597,66,499,15815983.26,False,OI,3,1,0,0.19622032931083844,0,0.0,0,0.0028129902355516585,0,0.011390771906796993,0,0.02051569131266145
21278767,0,1964,23,78,23941167.4,False,PV,3,4,1,0.534903098844105,0,0.4666666666666667,0,0.05756574993633817,0,0.046827604096207266,0,0.08157295013887285
21352995,0,1501,724,10,642210.55,False,OI,0,1,1,0.5545889045765382,1,0.6,1,0.6405433984499276,1,0.528208794847428,0,0.4565587313504281
21109156,0,2513,7,546,60129794.38,False,PV,7,6,0,0.18665821938997892,0,0.06666666666666667,0,0.0024514486313603964,0,0.004882653470880273,0,0.05718804051758277
21497442,0,1170,526,34,1399790.56,False,OI,0,1,1,0.6031582721320121,0,0.0,0,0.3816959846717106,0,0.0006695086083032015,0,0.4393301920460843
21332454,0,1663,7,311,14855410.79,False,PV,5,1,0,0.3596661983760193,0,0.0,0,0.012540379662555976,0,0.0006165979503235235,0,0.04423859026670127
21481866,0,1229,101,76,4629243.65,False,PV,8,1,0,0.49724857374073855,0,0.4666666666666667,0,0.12055245582136152,0,0.37411380374603487,0,0.16453086378522352
21109719,0,2513,16,246,25580199.27,False,OI,4,2,0,0.3859607121084987,0,0.06666666666666667,0,0.0012051470982967565,0,0.0011331735324981264,0,0.04359473665335502
21109783,0,2513,35,638,80839553.38,False,PV,9,1,0,0.14571162390013273,0,0.06666666666666667,0,0.013868115298027063,0,0.3400173610765125,0,0.003249801599688315
21107551,0,2513,7,299,112551814.89,False,OI,6,9,0,0.3413759384657014,0,0.0,0,0.002288405153099527,0,0.0021685256085959637,0,0.006915403831176615
21107316,1,2513,1562,17,568589.69,False,PV,0,1,1,0.5905922632342596,1,0.9333333333333333,1,0.8952178354570762,1,0.9135340486981569,0,0.4173227833631439
21288267,0,1897,191,101,16603826.31,False,OI,0,2,1,0.5016874464808599,0,0.0,0,0.06911204481792717,0,0.0032405932492252025,0,0.18197338366841642
21428171,0,1326,728,91,1606308.66,False,PV,5,1,0,0.48524671837805794,1,0.5333333333333333,1,0.5692138397341534,0,0.37987255616249826,0,0.38447843453606223
21336359,0,1640,7,994,58952552.99,False,PV,131,4,0,0.04940763438649753,0,0.06666666666666667,0,0.01974907102960199,0,0.016004836713935315,0,0.051155240514860104
21315098,0,1807,50,41,8099959.97,False,PV,0,1,1,0.6126701154925334,0,0.0,0,0.13504512154512155,0,0.00027064991156369457,0,0.16658636692825307
21107290,0,2513,7,639,65954198.98,False,PV,16,2,0,0.14837166047611278,1,0.6666666666666666,0,0.11369607335687898,0,0.004776932598260006,0,0.06687088952512003
21108199,0,2513,8,492,63111427.93,False,PV,2,1,0,0.23092881947106164,1,0.6,0,0.16926047064689548,0,0.0010468241516173025,0,0.01843487605113797
21110027,1,2513,1918,5,625782.8300000001,False,PV,0,1,1,0.6005213712448971,1,1.0,1,0.9635503581610187,1,0.923486180869791,1,0.5653886892398224
21339081,0,1603,28,52,2463599.03,False,PV,0,1,1,0.5187278950695293,1,0.6,0,0.33625753504165823,0,0.42134293665535333,0,0.2933276129898783
21113581,0,2513,534,12,26063084.35,False,PV,0,2,1,0.5760664332026927,0,0.0,0,0.11922797571314007,0,0.003228560171518758,0,0.11197333020943226
21107558,1,2513,984,6,2967280.74,False,OI,1,1,1,0.5579806640773327,1,0.6,0,0.38736827577151656,0,0.48170791869155155,0,0.13962981329960103
21107479,1,2513,1218,33,6646883.26,False,OI,0,1,1,0.5772390074036687,1,0.8666666666666667,1,0.8899266320197151,1,0.8553480521132827,0,0.3879505340592091
21348461,1,1537,913,15,1776217.42,False,PV,0,1,1,0.5503420806003813,1,0.6666666666666666,0,0.3714661989211639,0,0.4949454109932168,0,0.19880102290808177
21477390,0,1275,555,2,1048080.25,False,OI,0,1,1,0.6029911331151591,1,1.0,1,0.9487853377313715,1,0.9236114540617731,1,0.510633102922711
21107240,0,2513,7,66,15585611.52,False,OI,2,2,1,0.5195242735171193,0,0.4666666666666667,0,0.029560077519379845,0,0.10694103664304169,0,0.08881629297350428
21493485,0,1180,86,6,1044868.27,False,OI,0,1,1,0.7480652192657311,0,0.0,1,0.5114791192987824,0,0.0001956786102150066,0,0.42709204799217637
21109976,0,2513,78,504,26718955.2,False,PV,4,1,0,0.20773322506370623,0,0.0,0,0.0013681905765576261,0,0.0015654598809788588,0,0.016357989851207105
21253648,0,2173,235,54,1364844.63,False,OI,2,1,1,0.5595431110180589,1,0.8,1,0.924522813658561,1,0.8700014935862724,1,0.5166970931253161
21107252,0,2513,22,454,58717330.13,False,PV,3,7,0,0.22717300258415768,0,0.0,0,0.0023926251019486316,0,0.003367377454482268,0,0.0607201567060071
21109570,1,2513,1925,4,623981.65,False,PV,0,2,1,0.601345200054287,1,1.0,1,0.9587782546109663,1,0.9419275195264367,1,0.5631528620540658
21343231,1,1569,1508,1,274399.97,False,PV,0,1,1,0.6038132288711245,1,1.0,1,0.9932054812053943,1,0.928570395748777,1,0.6243859662444948
21108778,0,2513,56,229,20300928.59,False,PV,3,1,0,0.42434136231102876,0,0.06666666666666667,0,0.09112361476500361,0,0.0007950132441126974,0,0.11043436003185757
21109470,0,2513,372,263,41551047.6,False,PV,3,2,0,0.34910607877534167,0,0.0,0,0.010507359401465539,0,0.007463757217464421,0,0.03104324704713844
21479145,0,1253,35,222,2189567.11,False,OI,2,1,1,0.578051619024651,0,0.0,0,0.14780573261907412,0,0.00022068745428574692,0,0.1984772633359149
21107358,1,2513,1275,4,1158371.15,False,PV,0,1,1,0.601345200054287,1,1.0,1,0.9017557317634435,1,0.9402252220207895,0,0.48996846246007464
21107453,0,2513,472,131,9717121.52,False,PV,0,1,0,0.4920193799136366,1,0.8,0,0.20308710335575472,1,0.5514875940052124,0,0.21531528172288877
21219825,1,2353,1527,114,2074914.54,False,PV,0,1,1,0.508296661421743,1,0.6666666666666666,1,0.6739190155916377,1,0.7843844292228275,0,0.3157062415701437
21108107,0,2513,24,105,22180133.73,False,OI,2,1,0,0.4683870698329884,0,0.2,0,0.056043373058858766,0,0.173171045101779,0,0.08504382108376086
21374113,0,1416,169,59,10691505.77,False,OI,2,1,1,0.5614775006026763,0,0.4,0,0.02231135531135531,0,0.02485354345547394,0,0.1488714651048771
21107418,0,2513,9,565,87670668.75,False,PV,37,9,0,0.18070578589243375,0,0.06666666666666667,0,0.03598170324721752,0,0.3242065803511277,0,0.008826864304353626
21252854,1,2185,2017,8,1136805.57,False,OI,0,2,1,0.5980464869407146,1,0.9333333333333333,1,0.9593662515468475,1,0.9180971033573085,0,0.49394928315981323
21480367,0,1236,165,174,2691803.71,False,PV,14,1,0,0.447697973593805,0,0.06666666666666667,0,0.2842522524637806,0,0.0028371232736140966,0,0.14835825484118123
21253172,1,2180,1296,19,2828633.91,False,OI,0,2,1,0.5889299693231869,1,0.8666666666666667,1,0.7715661471309778,1,0.8975288041095727,0,0.338914339671622
21374114,0,1416,268,262,6773462.42,False,OI,6,2,0,0.3506029221684309,0,0.06666666666666667,0,0.1010109450585065,0,0.03632760363412943,0,0.17126400519834317
21107914,0,2513,219,108,12118487.83,False,OI,1,1,0,0.4916707506541131,0,0.0,0,0.035957282913165266,0,0.006568541186454398,0,0.08540565543573306
21109439,0,2513,17,601,203946323.14,False,PV,3,1,0,0.1654059406409661,0,0.2,0,0.03745464697016124,0,0.05513723707421821,0,0.00030790554176562425
21109826,0,2513,24,477,32577825.55,False,OI,9,3,0,0.23865810667459073,0,0.06666666666666667,0,0.013726913975186866,0,0.0011546035097966718,0,0.01625160046112074
21274739,0,1990,7,305,10931856.18,False,PV,1,1,0,0.31127065172417673,0,0.06666666666666667,0,0.036154581600456065,0,0.07490522507354125,0,0.10053862644698625
21338808,0,1606,254,100,6277034.41,False,PV,13,2,1,0.525463136260188,1,0.6666666666666666,0,0.13579166666666667,0,0.052184547203840394,0,0.1666053385334933
21109403,0,2513,7,65,5892754.17,False,PV,0,2,1,0.8240081775165288,0,0.0,0,0.0348968253968254,0,0.00026666004067804746,0,0.10074611137943268
21218515,1,2375,1592,29,3228555.31,False,OI,0,1,1,0.5879571766026308,1,0.8666666666666667,1,0.633751857420934,1,0.867542073719379,0,0.27080445869137504
21154850,0,1822,387,30,10004891.11,False,OI,3,1,1,0.5819657378049441,1,0.8666666666666667,0,0.18211367798867797,1,0.6722648921955353,0,0.24451368195608367
21108659,0,2513,172,24,23712389.23,False,OI,2,2,1,0.5455931070475726,0,0.4666666666666667,0,0.050461627582220225,0,0.17447892827111092,0,0.09185336079988492
21274716,0,1990,507,127,4097403.49,False,PV,1,1,0,0.4640152522811954,0,0.0,0,0.17000476575871118,0,0.06054900797178563,0,0.08767072415905361
21216034,0,2404,127,59,6050638.83,False,PV,3,2,1,0.8215200857327781,0,0.0,0,0.05911904761904761,0,0.00026244142605767057,0,0.15706594246970473
21107924,0,2513,828,7,19794023.98,False,OI,0,1,1,0.557133218472869,0,0.4666666666666667,0,0.08790204104006438,0,0.30715308665329843,0,0.11072884942186455
21107514,0,2513,148,77,9996752.44,False,OI,11,2,1,0.5121548735208239,0,0.0,0,0.011723242785486287,0,0.021279349400688236,0,0.2002751160639197
21108125,0,2513,46,21,2227512.39,False,OI,0,2,1,0.5880235992471398,1,0.8,0,0.38040703511880425,0,0.04580279673974501,0,0.23665956159426113
21107522,0,2513,261,35,7853946.52,False,OI,0,1,1,0.5599154089981604,0,0.0,0,0.022341036414565828,0,0.006680093651112051,0,0.15592361144325315
21480611,0,1234,584,131,2070895.5,False,OI,6,1,0,0.4537600902091291,0,0.4666666666666667,0,0.32246028428257795,0,0.21205780889228712,0,0.2140865596310616
21319309,0,1772,98,32,34699169.98,False,OI,1,3,1,0.5634427110401377,1,0.5333333333333333,0,0.029046918767507,0,0.011662843107906674,0,0.07760374798703383
21108572,0,2513,98,96,49373266.16,False,OI,1,2,1,0.5227629147544152,1,0.8,0,0.14078003565062386,1,0.5767080977716255,0,0.06889232970031617
21109782,0,2513,38,711,62608536.58,False,PV,5,1,0,0.11897177393173912,0,0.06666666666666667,0,0.04296681296508586,0,0.07481567804338132,0,0.0059748851171501065
21266331,0,2048,392,287,14430787.36,False,PV,4,1,0,0.36052927978522753,0,0.26666666666666666,0,0.003705147098296756,0,0.04750779434009568,0,0.045676323826934456
21362948,0,1473,372,135,7115197.76,False,PV,0,2,0,0.45856598784760494,0,0.4,0,0.24830435995536418,0,0.012917996778126117,0,0.24732171602893988
21110085,0,2513,69,532,44161921.09,False,PV,5,2,0,0.1804399884442331,0,0.0,0,0.0023926251019486316,0,0.006402212333593429,0,0.010432418609603982
21263719,0,2076,809,28,2472753.22,False,PV,0,1,1,0.5392674612952769,1,0.6666666666666666,0,0.3665086597339596,0,0.45880161012710774,0,0.29952445542546746
21109322,0,2513,219,30,6612414.37,False,OI,3,1,1,0.9998843435031572,0,0.0,0,0.16423376623376623,0,0.00047674976971118986,0,0.18128754840133982
21511103,0,1106,267,39,491294.32,False,OI,9,1,1,0.572201174899769,1,0.9333333333333333,1,0.6417058831542485,1,0.8927243934618979,0,0.26418572433564896
21108533,0,2513,486,109,2773435.36,False,PV,1,1,1,0.5143000330317199,1,0.7333333333333333,0,0.3285009424741472,1,0.6126731616623085,0,0.21359404324911474
21334092,1,1655,967,50,1275077.77,False,PV,8,1,1,0.5204429105021163,1,0.6666666666666666,0,0.4779505925380417,0,0.4517138412918494,0,0.3528417095147943
21107565,0,2513,9,183,23227530.54,False,PV,1,1,0,0.45676193001958526,0,0.06666666666666667,0,0.08410372633424931,0,0.005120609988879736,0,0.06598921148750728
21108137,0,2513,17,166,9544234.55,False,PV,2,1,0,0.46603116615722695,1,0.6,0,0.022068110279420718,0,0.32696138355999377,0,0.18022270083671071
21236001,0,2307,15,103,7122241.36,False,OI,1,1,1,0.5042327824907198,0,0.0,0,0.20190103605544776,0,0.0036585618306985397,0,0.25237724812272533
21109399,0,2513,35,87,24952544.39,False,PV,0,2,1,0.5486536795551448,0,0.06666666666666667,0,0.0667958152958153,0,0.0005857868198765281,0,0.07850475492267976
21446667,1,1296,1267,10,288452.38,False,PV,0,1,1,0.596393775458827,1,0.9333333333333333,1,0.9679985641425985,1,0.9212229908900998,1,0.6220120735344132
21107336,0,2513,7,697,60504763.34,False,PV,29,5,0,0.12826115750563058,0,0.06666666666666667,0,0.04630014629841919,0,0.0028043410513787738,0,0.05634143932744657
21109197,0,2513,7,73,14800109.72,False,OI,5,2,1,0.9711605186669875,0,0.0,0,0.056619047619047624,0,0.0003992176039088608,0,0.09306854316234915
21107446,0,2513,253,1538,131758590.75,False,PV,5,2,0,0.00800609698920768,0,0.0,0,0.0047260825238548635,0,0.01125035438913613,0,2.6716354446550764e-05
21480237,0,1240,142,21,394209.46,False,PV,14,1,1,0.5872656428444866,1,0.9333333333333333,1,0.8816572967310958,1,0.9109588304964912,1,0.5440005201799336
21107944,0,2513,456,6,1651975.83,False,PV,0,1,1,0.5996969732677698,1,0.8666666666666667,1,0.675516911072642,1,0.9168449363079251,0,0.38631306458996945
21218642,1,2373,1163,5,1212795.95,False,PV,0,1,1,0.6077762072868823,1,0.9333333333333333,1,0.7755073052196957,1,0.8842367141835289,0,0.43213693666638275
21218512,0,2510,8,1232,117299633.31,False,OI,26,2,0,0.020679389427942927,0,0.0,0,0.0024514486313603964,0,0.02584509738816186,0,0.00012943107232494147
21108230,0,2513,17,328,9510120.46,False,PV,7,2,0,0.32456883858407193,0,0.0,0,0.0012051470982967565,0,0.0015431283071238205,0,0.1430889349424579
21107335,1,2513,1914,27,875416.42,False,OI,0,1,1,0.5822608251352197,1,0.9333333333333333,1,0.9434610043106895,1,0.9022896497181312,1,0.5468201647896145
21338048,0,1618,38,131,1220353.41,False,PV,25,1,0,0.4936977096112007,1,0.7333333333333333,1,0.6250636876531697,1,0.7659120629388001,0,0.37508911632394143
21110059,1,2513,1583,20,1048980.74,False,PV,1,1,1,0.5880980579325661,1,0.9333333333333333,1,0.9676439851735483,1,0.907875415257112,1,0.508424975702342
21107574,1,2513,1831,14,449850.61,False,PV,0,2,1,0.5930818155604796,1,0.9333333333333333,1,0.9150607008775373,1,0.916882589324017,0,0.4082590508021275
21109001,1,2513,1648,26,3244117.7,False,OI,2,1,1,0.5830961683862405,1,0.8,1,0.7121554150727267,1,0.8876183307462816,0,0.28406375459911704
21108866,1,2513,1360,9,2329654.02,False,OI,0,2,1,0.5972204071872544,1,0.8,1,0.8093919698335688,1,0.9101673336645077,0,0.37716157943892403
21466016,0,1283,212,11,974741.81,False,OI,0,1,1,0.5955665960845554,1,1.0,1,0.9896952642008601,1,0.9164421355801425,1,0.5158719659434504
21375964,0,1394,104,84,8404289.07,False,PV,1,2,1,0.5626958270892602,0,0.0,0,0.06347802197802198,0,0.00040894013548723845,0,0.1629692877583905
21277503,1,1977,1128,67,5399811.85,False,PV,2,2,1,0.5485091952906423,1,0.8,1,0.5905266727011763,1,0.822737679032991,0,0.19084660551950774
21319155,0,1774,74,37,2442718.74,False,OI,0,1,1,0.5738821704542489,1,0.8,1,0.7663131247279418,1,0.8814134763652398,0,0.33722702768928814
21108255,1,2513,907,147,5834246.22,False,PV,4,1,0,0.43747713164951835,0,0.2,0,0.1847777084520258,0,0.22201892889261401,0,0.12100124600559126
21370238,0,1460,50,227,3750705.94,False,OI,3,2,0,0.39693693902531524,0,0.0,0,0.03611341938156904,0,0.0034996548740356065,0,0.11837505858861115
21251653,1,2200,2031,13,245683.51,False,OI,0,1,1,0.593910611775915,1,0.9333333333333333,1,0.8844860947021053,1,0.9189238901412325,1,0.5187819081793078
