ID,y,Antiguedad,Tiempo_ultima_compra,Frec,Consumo,Compra_unica,Temporada,Devolucion,Ship_to,y^_lr,proba_lr,y^_knn,proba_knn,y^_rf,proba_rf,y^_MLP,proba_MLP,y^_last,proba_last
21108391,0,2513,35,128,19711839.71,False,PV,0,2,0,0.2753997081810337,0,0.09090909090909091,0,0.035705991060637154,0,0.4585283262154518,0,0.07021028745019088
21109900,0,2513,10,749,98092553.61,False,PV,15,1,0,0.0041084354102052896,0,0.0,0,0.025,0,0.4585283262154518,0,0.00644377030511532
21107434,0,2513,9,532,79702032.35,False,OI,6,1,0,0.018008941536617258,0,0.0,0,0.00045321132596685076,0,0.4585283262154518,0,0.005146294603923826
21108946,0,2513,779,221,7126836.93,False,PV,4,1,0,0.1970172825112917,1,0.8181818181818182,0,0.1045036792877573,0,0.4585283262154518,0,0.25625866664543556
21285620,0,1913,22,102,8725151.02,False,OI,2,2,0,0.3313541652480963,0,0.18181818181818182,0,0.009585139703639282,0,0.4585283262154518,0,0.14573340344034205
21107292,1,2513,1582,12,202528.69,False,PV,7,1,0,0.4813863243090882,1,0.9090909090909091,1,0.8973237683246857,0,0.4585283262154518,1,0.516598242944873
21531514,0,2287,35,173,5737843.01,False,PV,1,1,0,0.249473151524159,0,0.09090909090909091,0,0.03042,0,0.4585283262154518,0,0.07775952517193958
21218578,0,2374,9,550,514921406.86,False,PV,17,5,0,0.00022542495967183186,0,0.0,0,0.035,0,0.4585283262154518,0,0.00750065087364903
21109122,0,2513,7,32,5108018.02,False,OI,1,2,0,0.43938903833660714,0,0.36363636363636365,0,0.025851641612681983,0,0.4585283262154518,0,0.11264660413957416
21109047,0,2513,697,4,1795572.11,False,OI,0,3,0,0.4895307726072167,1,0.5454545454545454,0,0.13506799148167392,0,0.4585283262154518,0,0.20165155924752856
21218674,1,2370,1337,161,6351294.85,False,PV,1,1,0,0.2621143714593559,0,0.36363636363636365,1,0.8580707968709238,0,0.4585283262154518,0,0.33225646756704985
21108154,0,2513,56,12,1084268.32,False,PV,0,2,0,0.47921699003931045,1,0.7272727272727273,0,0.49940404087789636,0,0.4585283262154518,0,0.362969796788041
21346596,1,1543,919,2,2693372.64,False,OI,0,1,0,0.49033783739148723,0,0.45454545454545453,1,0.8631966356515143,0,0.4585283262154518,0,0.34852559973152186
21319853,0,1764,310,15,2220076.49,False,OI,0,1,0,0.4719060308979068,1,0.6363636363636364,0,0.4281805679232369,0,0.4585283262154518,0,0.28073387648462456
21109894,0,2513,53,236,33125703.47,False,OI,1,2,0,0.14780877181192,0,0.0,0,0.015662878787878788,0,0.4585283262154518,0,0.04468366207936755
21315112,0,1807,291,31,3846067.91,False,PV,0,1,0,0.44394902720272805,0,0.09090909090909091,0,0.2838510794616067,0,0.4585283262154518,0,0.23950263925181087
21277813,1,1975,919,32,1580951.48,False,OI,0,1,0,0.44796957886528443,1,0.7272727272727273,1,0.8066972979160245,0,0.4585283262154518,0,0.4146184753984563
21107391,1,2513,1498,140,11539572.46,False,PV,1,7,0,0.2770162502533751,0,0.45454545454545453,1,0.8131070174779272,0,0.4585283262154518,0,0.3387795505320914
21341695,0,1575,744,142,4450729.79,False,PV,1,1,0,0.28873556925095556,0,0.2727272727272727,0,0.095,0,0.4585283262154518,0,0.14872340774639103
21425906,0,1346,428,37,510395.53,False,PV,0,1,0,0.44311742360496464,1,0.7272727272727273,0,0.35679885192532496,0,0.4585283262154518,0,0.28718053300131346
21338821,0,1606,234,398,8465082.59,False,PV,21,1,0,0.0767573293101754,0,0.2727272727272727,0,0.00020899464452175397,0,0.4585283262154518,0,0.08423737017846217
21107543,0,2513,16,1022,214742357.42,False,OI,5,4,0,0.00025115005444856036,0,0.09090909090909091,0,0.04545321132596685,0,0.4585283262154518,0,4.234949163323783e-05
21235907,0,2311,7,582,52315808.78,False,PV,5,2,0,0.017450869535088114,0,0.18181818181818182,0,0.045,0,0.4585283262154518,0,0.014753706004902993
21315102,0,1807,30,321,7585099.51,False,PV,4,1,0,0.11779156561731949,0,0.45454545454545453,0,0.03657185628742515,0,0.4585283262154518,0,0.10309730456216887
21372591,0,1435,494,18,313572.83,False,OI,1,1,0,0.4720736978081741,1,0.9090909090909091,0,0.3957130279908578,0,0.4585283262154518,0,0.3898870287129483
21110074,0,2513,45,105,20351729.72,False,PV,1,2,0,0.30263417605869825,0,0.09090909090909091,0,0.003798853004390027,0,0.4585283262154518,0,0.12448899383030256
21480313,1,1239,997,2,313411.4,False,OI,0,1,0,0.496201483025428,1,0.9090909090909091,1,0.958562368106292,0,0.4585283262154518,1,0.5515732093941929
21108122,1,2513,1899,3,340198.57,False,PV,0,1,0,0.49462797062372954,1,0.9090909090909091,1,0.98566404999548,0,0.4585283262154518,1,0.6237775259883398
21429446,0,1319,7,1727,212079434.61,False,PV,35,5,0,3.649508345795366e-06,0,0.09090909090909091,0,0.00045321132596685076,0,0.4585283262154518,0,2.333279354916246e-06
21109153,1,2513,1893,11,304918.12,False,PV,0,1,0,0.48264237476398403,1,0.9090909090909091,1,0.9131218700643644,0,0.4585283262154518,1,0.5367288031064187
21107681,0,2513,7,191,6270199.41,False,OI,2,1,0,0.2287485674548769,0,0.2727272727272727,0,0.02066287878787879,0,0.4585283262154518,0,0.12329794083937459
21109521,0,2513,164,18,1388990.26,False,PV,0,2,0,0.46943143826385003,1,0.9090909090909091,0,0.2794245832957396,0,0.4585283262154518,0,0.35851203664197634
21216509,0,2402,7,1185,315042397.29,False,PV,40,9,0,3.492321168536765e-05,0,0.09090909090909091,0,0.055,0,0.4585283262154518,0,0.015002738365734496
21108386,0,2513,696,23,10625574.4,False,OI,0,1,0,0.4393815660779304,0,0.36363636363636365,0,0.04152586985953914,0,0.4585283262154518,0,0.16802395484656105
21424172,0,1373,584,365,8290654.04,False,PV,0,2,0,0.09227089042772314,0,0.2727272727272727,0,0.005252295629782208,0,0.4585283262154518,0,0.04114764052275112
21484876,0,1204,9,182,18020769.28,False,PV,1,1,0,0.21808502309676564,0,0.18181818181818182,0,0.017510869565217392,0,0.4585283262154518,0,0.11095528058348253
21107478,0,2513,88,214,17667751.22,False,OI,12,2,0,0.18745113400761942,0,0.36363636363636365,0,0.015607935024894987,0,0.4585283262154518,0,0.11030076491073951
21107279,0,2513,7,1709,320292631.78,False,OI,26,2,0,1.4002690602679324e-06,0,0.09090909090909091,0,0.0,0,0.4585283262154518,0,0.0025002737857084847
21465816,0,1283,584,9,236241.64,False,OI,0,1,0,0.4858282525957986,1,0.9090909090909091,1,0.5005786885488405,0,0.4585283262154518,0,0.3848400952730293
21108901,1,2513,1862,67,1517900.06,False,PV,0,2,0,0.39660290913589685,1,0.9090909090909091,1,0.859209751447449,0,0.4585283262154518,1,0.528167820777189
21107401,1,2513,1862,18,578053.76,False,PV,0,1,0,0.4714229030725353,1,0.8181818181818182,1,0.927478698195234,0,0.4585283262154518,0,0.49704851903032365
21107259,1,2513,2086,2,97922.27,False,OI,0,1,0,0.49673352235840207,1,1.0,1,0.9663780411121308,0,0.4585283263082391,1,0.6093494117243758
21339466,0,1599,43,57,1997960.85,False,PV,1,1,0,0.41000221167730033,1,0.6363636363636364,0,0.1495766473402822,0,0.4585283262154518,0,0.24262878327196677
21253157,1,2180,1562,11,699392.11,False,PV,0,1,0,0.4816706369293908,1,1.0,1,0.9839610605792322,0,0.4585283262154518,1,0.6162236746250849
21109163,0,2513,238,71,17237499.29,False,OI,5,1,0,0.3546322658652003,1,0.5454545454545454,0,0.015,0,0.4585283262154518,0,0.18570364771044642
21108780,1,2513,1801,21,527521.47,False,PV,0,1,0,0.4670370217652224,1,0.6363636363636364,1,0.9348380169170533,0,0.4585283262154518,0,0.4638301433805429
21501025,0,1162,7,1378,16042759.76,False,PV,54,1,0,0.00020737236475282098,0,0.2727272727272727,0,0.021558511701678915,0,0.4585283262154518,0,0.050558542047229184
21108698,0,2513,101,70,11242989.61,False,OI,1,1,0,0.36967523026068616,0,0.45454545454545453,0,0.03954043394218101,0,0.4585283262154518,0,0.14799583060712865
21362922,0,1473,288,21,2994990.51,False,OI,0,1,0,0.46098684975464443,1,0.5454545454545454,0,0.46970188210018277,0,0.4585283262154518,0,0.27818087642896816
21108561,0,2513,38,750,81341126.83,False,PV,4,1,0,0.004813391975084712,0,0.0,0,0.005,0,0.4585283262154518,0,0.002022005835445425
21220403,1,2346,1569,4,961504.89,False,PV,0,1,0,0.49158816490546814,1,0.8181818181818182,1,0.9707865429227358,0,0.4585283262154518,1,0.5152201371695226
21107262,0,2513,7,1124,191632400.93,False,PV,43,2,0,0.0001703540328709615,0,0.18181818181818182,0,0.00045321132596685076,0,0.4585283262154518,0,4.436005847042123e-05
21109690,0,2513,7,618,69887497.44,False,OI,4,1,0,0.01187484741456747,0,0.09090909090909091,0,0.00045321132596685076,0,0.4585283262154518,0,0.05440263689699782
21438188,0,1306,69,14,1696770.87,False,PV,0,1,0,0.4746957190928702,0,0.45454545454545453,0,0.13705991811529206,0,0.4585283262154518,0,0.2216633905929744
21107433,0,2513,7,1859,352460251.73,False,PV,5,7,0,4.121596525047627e-07,0,0.09090909090909091,0,0.00045321132596685076,0,0.4585283262154518,0,0.00250007553647821
21108270,0,2513,35,268,15248470.78,False,PV,4,1,0,0.1456727409013669,0,0.09090909090909091,0,0.0054513769159898985,0,0.4585283262154518,0,0.04806854912813128
21108488,0,2513,7,1877,175963221.44,False,OI,65,2,0,2.1056614427692687e-06,0,0.18181818181818182,0,0.02,0,0.4585283262154518,0,0.002502609524546855
21109035,1,2513,1394,18,3039093.62,False,OI,0,2,0,0.46538391341376967,1,0.5454545454545454,1,0.7011226760721221,0,0.4585283262154518,0,0.3914061173985973
21338022,0,1618,557,7,1687720.83,False,OI,0,1,0,0.4852736076314105,1,0.5454545454545454,0,0.11159945139808118,0,0.4585283262154518,0,0.2535056033223756
21109190,0,2513,7,863,185217636.56,False,OI,7,2,0,0.0008772124865389502,0,0.18181818181818182,0,0.005453211325966851,0,0.4585283262154518,0,0.00015092672285833047
21107300,0,2513,262,148,15728443.57,False,OI,0,2,0,0.2594320648004813,0,0.09090909090909091,0,0.018624579012393148,0,0.4585283262154518,0,0.0726026766124163
21154581,0,2485,7,892,25086118.95,False,PV,8,3,0,0.0035592056845743804,0,0.09090909090909091,0,0.0006628787878787878,0,0.4585283262154518,0,0.003512339519019824
21107488,0,2513,290,612,77180521.24,False,OI,2,3,0,0.011463654248304587,0,0.0,0,5.043227665706051e-05,0,0.4585283262154518,0,0.0038958226038613617
21107330,0,2513,85,316,26393406.25,False,PV,0,1,0,0.10259575221617102,0,0.18181818181818182,0,0.00029281454812520453,0,0.4585283262154518,0,0.03353533168540533
21107901,0,2513,162,6,1561966.79,False,PV,0,1,0,0.4870902123216145,1,0.8181818181818182,0,0.44099797365524396,0,0.4585283262154518,0,0.33642778251480654
21108308,1,2513,861,1772,1317689.68,False,PV,1,2,0,2.2202738605721383e-05,1,0.8181818181818182,1,0.8305355121192695,0,0.4585283262154518,0,0.33264521935583524
21109520,1,2513,1165,52,4942370.26,False,PV,0,1,0,0.4102832363273191,0,0.36363636363636365,1,0.6319535705034418,0,0.4585283262154518,0,0.37521973354206106
21270181,0,2010,98,120,8151429.21,False,PV,7,1,0,0.30892959583858653,0,0.18181818181818182,0,0.23686688459280997,0,0.4585283262154518,0,0.18213439133355935
21108408,1,2513,1817,3,299090.04,False,PV,1,1,0,0.494729498271544,1,0.9090909090909091,1,0.8915587251535808,0,0.4585283262154518,1,0.6113302467509385
21334856,0,1652,248,24,4360098.63,False,OI,1,2,0,0.45315158989383836,0,0.2727272727272727,0,0.06606559773534483,0,0.4585283262154518,0,0.1756648213798596
21352679,0,1507,178,74,3497065.02,False,PV,0,1,0,0.3819166597761886,0,0.09090909090909091,0,0.317052541660982,0,0.4585283262154518,0,0.14142893595924608
21318663,1,1781,1389,20,463506.7,False,OI,0,1,0,0.46869638088862303,1,0.6363636363636364,1,0.8813769943626574,0,0.4585283262154518,0,0.4466726604147294
21107355,0,2513,8,217,6818012.99,False,PV,3,1,0,0.20135815197416237,1,0.7272727272727273,0,0.015390543513128928,0,0.4585283262154518,0,0.22236188012473934
21369684,1,1464,897,23,813863.0700000001,False,OI,0,1,0,0.46332600157218556,1,1.0,1,0.8881122638383178,0,0.4585283262154518,1,0.5854411885071387
21108680,0,2513,48,398,41977962.36,False,PV,21,1,0,0.056381953293783996,0,0.09090909090909091,0,5.043227665706051e-05,0,0.4585283262154518,0,0.018483248801081105
21107357,1,2513,1267,38,56358499.96,False,OI,0,5,0,0.3132352770246766,0,0.18181818181818182,1,0.8393121785013791,0,0.4585283262154518,0,0.30543734828380664
21107387,0,2513,7,1559,101361556.08,False,OI,37,2,0,2.9980551772730643e-05,0,0.0,0,0.0,0,0.4585283262154518,0,4.5618924283584154e-05
21336516,1,1639,1508,7,2016236.87,False,PV,0,1,0,0.4844630203088676,1,0.6363636363636364,1,0.8120405427523858,0,0.4585283262154518,0,0.438084858841325
21108207,0,2513,35,450,14816724.17,False,PV,4,1,0,0.05396692291149684,0,0.2727272727272727,0,0.0,0,0.4585283262154518,0,0.027688244955443454
21108872,0,2513,79,163,11445494.6,False,PV,3,2,0,0.250246445612778,0,0.45454545454545453,0,0.0006455174208063875,0,0.4585283262154518,0,0.17386828245055813
21109117,0,2513,35,74,4329862.28,False,PV,1,1,0,0.37998042430491963,0,0.2727272727272727,0,0.040932504440497335,0,0.4585283262154518,0,0.10540183089790066
21478397,0,1263,534,174,12138111.4,False,OI,4,2,0,0.23675283053210036,0,0.18181818181818182,0,0.007391799544419136,0,0.4585283262154518,0,0.07583456695528071
21247649,1,2234,1149,661,67456830.0,False,PV,2,6,0,0.009404353343583274,0,0.09090909090909091,1,0.77,0,0.4585283262154518,0,0.233873063210367
21107811,0,2513,238,80,3890651.03,False,OI,0,1,0,0.372492030378535,0,0.09090909090909091,0,0.01348071450508579,0,0.4585283262154518,0,0.1519338526320071
21372909,0,1430,7,163,17262092.04,False,OI,0,1,0,0.2396446528824538,1,0.5454545454545454,0,0.02751086956521739,0,0.4585283262154518,0,0.17044700767774681
21109398,1,2513,1864,27,1096317.04,False,PV,0,1,0,0.4566346303165828,1,0.7272727272727273,1,0.9229299539403872,0,0.4585283262154518,0,0.49653762526375067
21107965,1,2513,1862,24,1510363.64,False,PV,0,1,0,0.4601222859977906,1,0.9090909090909091,1,0.9363978131438754,0,0.4585283262154518,1,0.5492923647056993
21484772,0,1205,717,4,2461895.8,False,OI,0,1,0,0.4878896559251044,1,0.7272727272727273,0,0.10713995608355513,0,0.4585283262154518,0,0.29079872219227615
21107377,0,2513,7,1357,95095329.79,False,PV,7,1,0,0.00010801254393968914,0,0.0,0,0.040453211325966854,0,0.4585283262154518,0,0.002620867396848107
21107389,0,2513,7,2347,480032076.12,False,PV,18,4,0,6.150994489226539e-09,0,0.0,0,0.00045321132596685076,0,0.4585283262154518,0,7.156034760881843e-10
21480244,0,1240,7,166,7797227.26,False,OI,0,1,0,0.2536089020748871,0,0.2727272727272727,0,0.005,0,0.4585283262154518,0,0.12458267226742972
21109494,0,2513,52,116,7805735.05,False,PV,7,2,0,0.3148456757022692,0,0.2727272727272727,0,0.01783254866862631,0,0.4585283262154518,0,0.14097431028686702
21153880,1,2495,1975,2,713960.3300000001,False,OI,0,1,0,0.4952170384428796,1,1.0,1,0.9125451729942715,0,0.4585283262154518,1,0.6110606196818027
21107583,0,2513,9,493,78449617.65,False,OI,32,4,0,0.022958607375465245,0,0.0,0,0.015093733261917515,0,0.4585283262154518,0,0.006190676026419762
21338131,0,1614,624,43,590703.49,False,PV,24,1,0,0.43399980399365806,1,0.9090909090909091,0,0.2112132612318898,0,0.4585283262154518,0,0.32802001458522945
21219946,0,2352,423,58,2756771.32,False,OI,0,1,0,0.4067318950854761,0,0.45454545454545453,0,0.07507063096999865,0,0.4585283262154518,0,0.16641968541612284
21109916,0,2513,9,50,82779276.68,False,OI,3,1,0,0.24639354468296962,0,0.0,0,0.011805150412679996,0,0.4585283262154518,0,0.042350878150560406
21293987,1,1865,1180,5,862173.51,False,PV,0,1,0,0.49032133424779595,1,0.9090909090909091,1,0.9056153396277378,0,0.4585283262154518,1,0.5350851224970685
21108560,0,2513,10,468,50640513.83,False,PV,4,1,0,0.03469893048841099,0,0.18181818181818182,0,0.0025547930045795465,0,0.4585283262154518,0,0.011872362171540082
21279751,1,1953,1450,153,11244260.83,False,OI,3,1,0,0.26213214182668376,0,0.45454545454545453,1,0.8419138427308911,0,0.4585283262154518,0,0.3312379819903304
21489385,0,1184,51,191,7452380.07,False,PV,0,1,0,0.22669659820030397,1,0.5454545454545454,0,0.025,0,0.4585283262154518,0,0.11957393655418427
21107322,0,2513,9,1917,243937957.64,False,PV,34,1,0,8.462225189231738e-07,0,0.18181818181818182,0,0.03535496957403651,0,0.4585283262154518,0,0.06250054787553692
21107581,0,2513,9,358,108992081.05,False,OI,14,2,0,0.037814467169923816,0,0.0,0,0.015,0,0.4585283262154518,0,0.005835860796453792
21282892,1,1928,1807,6,245626.23,False,OI,0,1,0,0.49033227476343066,1,0.9090909090909091,1,0.9526178990962225,0,0.4585283262154518,1,0.5531133001193883
21218959,0,2366,7,330,62014692.49,False,OI,12,6,0,0.06885751412814194,0,0.18181818181818182,0,0.015,0,0.4585283262154518,0,0.016441615978602914
21108769,0,2513,8,601,180877947.15,False,PV,26,3,0,0.004439654731396337,0,0.18181818181818182,0,0.025982936717154397,0,0.4585283262154518,0,0.0004937091528795656
21466091,0,1283,675,80,5598029.03,False,PV,0,1,0,0.36856521702931255,0,0.0,0,0.006661887873879675,0,0.4585283262154518,0,0.09984543658387005
21109962,0,2513,87,242,20146842.68,False,PV,2,1,0,0.15973406061409257,0,0.18181818181818182,0,0.025292814548125205,0,0.4585283262154518,0,0.048399937516557655
21465818,0,1283,204,148,2921024.75,False,OI,10,1,0,0.28441069118276524,1,0.5454545454545454,0,0.09777683313815658,0,0.4585283262154518,0,0.0940702871687964
21109800,1,2513,939,152,7123744.64,False,PV,0,1,0,0.2712528864565919,1,0.8181818181818182,1,0.5894732121710746,0,0.4585283262154518,0,0.41092831679406927
21362919,0,1473,373,31,13336248.02,False,OI,4,1,0,0.42099154141218953,0,0.0,0,0.011270876541967324,0,0.4585283262154518,0,0.1001329994179102
21352046,0,1516,43,6,505898.77,False,OI,0,1,0,0.4896876738701485,1,0.7272727272727273,0,0.29559655816136043,0,0.4585283262154518,0,0.2627792320115685
21108707,1,2513,1946,1,102851.35,False,PV,0,1,0,0.4982327082080694,1,1.0,1,0.9702414317771683,0,0.45852832624707723,1,0.5671052698966177
21425297,0,1354,675,159,3154198.98,False,OI,5,1,0,0.27063151547391884,1,0.5454545454545454,0,0.02164313967812721,0,0.4585283262154518,0,0.2062563919428114
21131146,0,2513,7,871,44392621.42,False,PV,16,2,0,0.0033410523713100085,0,0.09090909090909091,0,0.005514201762977473,0,0.4585283262154518,0,0.002591534740219452
21109975,0,2513,9,537,31469248.32,False,PV,3,1,0,0.027827540170542765,0,0.18181818181818182,0,5.043227665706051e-05,0,0.4585283262154518,0,0.013104084959846031
21108433,0,2513,7,1128,142768156.2,False,PV,28,5,0,0.0002691485696198609,0,0.09090909090909091,0,0.0,0,0.4585283262154518,0,0.00011873241462043147
21346114,0,1550,532,399,13018927.23,False,OI,0,1,0,0.07322561871140477,0,0.0,0,0.005,0,0.4585283262154518,0,0.031456374314013026
21110068,0,2513,767,5,4972338.62,False,PV,0,2,0,0.4802014961606786,0,0.36363636363636365,0,0.011775531914783567,0,0.4585283262154518,0,0.22232886610262176
21239404,1,2277,1754,2,377493.12,False,OI,0,1,0,0.49604616257139933,1,0.9090909090909091,1,0.9958145314896885,0,0.4585283262154518,1,0.5739916713848979
21108789,1,2513,1142,2,14066961.39,False,PV,0,1,0,0.462383391255464,0,0.36363636363636365,1,0.9029658279792332,0,0.4585283262154518,0,0.4365890274376306
21270714,1,2005,1036,41,797082.1799999999,False,OI,2,1,0,0.4364704360504315,1,1.0,1,0.9123732412363198,0,0.4585283262154518,1,0.5782772447329888
21107243,0,2513,55,25,22415566.12,False,PV,1,1,0,0.4080673872907144,0,0.09090909090909091,0,0.026525869859539145,0,0.4585283262154518,0,0.09064311572062989
21109870,0,2513,29,89,18536691.17,False,OI,0,2,0,0.327334335760893,0,0.09090909090909091,0,0.041170568561872914,0,0.4585283262154518,0,0.0825518241091907
21427477,0,1330,310,13,3489879.62,False,OI,1,1,0,0.4718016283397936,0,0.09090909090909091,0,0.03240803112959219,0,0.4585283262154518,0,0.11963547008110863
21108985,0,2513,74,14,3227694.04,False,OI,0,2,0,0.470935169486684,1,0.5454545454545454,0,0.04498361099499412,0,0.4585283262154518,0,0.1197081643470397
21109971,0,2513,106,161,7839486.56,False,PV,2,1,0,0.25928595719183944,0,0.2727272727272727,0,0.017004216039782024,0,0.4585283262154518,0,0.1281373436933798
21108628,0,2513,713,164,4751877.67,False,PV,1,2,0,0.2616594151654162,1,0.6363636363636364,0,0.015,0,0.4585283262154518,0,0.1858400222581405
21109887,0,2513,8,466,17972858.6,False,PV,3,2,0,0.04780390762971773,0,0.18181818181818182,0,0.005050432276657061,0,0.4585283262154518,0,0.07485736155289864
21279443,0,1957,38,174,13664568.73,False,PV,12,3,0,0.2340448083130431,0,0.2727272727272727,0,0.018055616646929454,0,0.4585283262154518,0,0.11679180905591076
21107725,0,2513,35,373,58538621.4,False,PV,3,2,0,0.05573410619606337,0,0.18181818181818182,0,0.13662058215468773,0,0.4585283262154518,0,0.07984605982559702
21109508,0,2513,141,38,9782795.16,False,OI,1,2,0,0.4192265543610324,0,0.2727272727272727,0,0.11608064854161407,0,0.4585283262154518,0,0.2277561368380859
21278743,0,1964,9,957,29455195.76,False,PV,14,1,0,0.0023051673966985264,0,0.18181818181818182,0,0.0006628787878787878,0,0.4585283262154518,0,0.0024564108151796304
21107250,0,2513,509,314,13328308.54,False,PV,0,1,0,0.11630995732359672,0,0.0,0,0.0005322602971617519,0,0.4585283262154518,0,0.04239362810114906
21109734,1,2513,1866,18,280840.41,False,PV,0,1,0,0.4721529645713973,1,1.0,1,0.9153764372571291,0,0.4585283262154518,1,0.5999286004155417
21217580,1,2388,1439,16,9728834.4,False,PV,1,1,0,0.45201188094032896,0,0.2727272727272727,1,0.9395411406146473,0,0.4585283262154518,0,0.4284440077378162
21501722,0,1157,708,29,390753.57,False,PV,2,1,0,0.455359569602512,1,0.9090909090909091,0,0.125,0,0.4585283262154518,0,0.3494154416227948
21337381,1,1627,1271,2,699240.56,False,PV,0,1,0,0.4952529947284589,1,1.0,1,0.9818100355155874,0,0.4585283262154518,1,0.6185794180357773
21484396,0,1211,10,302,35584605.86,False,OI,7,1,0,0.10204119741992593,0,0.09090909090909091,0,0.017510869565217392,0,0.4585283262154518,0,0.02994353158298385
21107305,1,2513,2060,1,237726.28,False,OI,0,1,0,0.4979001148190453,1,0.9090909090909091,1,0.9515878945070828,0,0.4585283262154518,1,0.5594324239444497
21109479,0,2513,17,267,26600659.56,False,PV,6,1,0,0.1329870116941058,0,0.18181818181818182,0,0.0,0,0.4585283262154518,0,0.04231338430029014
21107590,0,2513,779,63,1132164.49,False,PV,2,1,0,0.40331093607180385,1,0.7272727272727273,0,0.18863074352000755,0,0.4585283262154518,0,0.29967479308529577
21110035,0,2513,598,2,144370.66,False,OI,0,1,0,0.49662052725798445,1,0.9090909090909091,0,0.4223866551551835,0,0.4585283262154729,0,0.4267902578103014
21107407,0,2513,15,605,36012098.82,False,PV,9,2,0,0.01782829292706001,0,0.09090909090909091,0,0.005982936717154397,0,0.4585283262154518,0,0.05913008860196229
21338284,0,1613,7,104,19219949.53,False,OI,0,1,0,0.30627625574617806,0,0.09090909090909091,0,0.006793295874563616,0,0.4585283262154518,0,0.07592947228368939
21107952,1,2513,1561,54,2047481.39,False,PV,0,1,0,0.4142703450864717,1,0.6363636363636364,1,0.8180053379019799,0,0.4585283262154518,0,0.41583682247582043
21480246,0,1240,178,221,7855821.22,False,OI,2,1,0,0.1958852125265363,0,0.2727272727272727,0,0.005,0,0.4585283262154518,0,0.06555228150246684
21108494,0,2513,7,489,12871172.2,False,PV,0,2,0,0.04392799620657273,0,0.0,0,0.00020899464452175397,0,0.4585283262154518,0,0.022525365641799074
21481885,0,1229,584,10,15917478.45,False,PV,0,1,0,0.4458855422034235,0,0.18181818181818182,0,0.3475375629288676,0,0.4585283262154518,0,0.16974530124743298
21108672,0,2513,66,60,130158181.67,False,OI,1,3,0,0.1617386766700977,0,0.0,0,0.012425831671272194,0,0.4585283262154518,0,0.01530210360888496
21484409,0,1211,9,113,1602701.64,False,PV,12,2,0,0.33219161950505366,1,0.7272727272727273,0,0.41378023968597694,0,0.4585283262154518,0,0.33651837347943836
21346717,0,1542,463,69,4176885.89,False,PV,0,1,0,0.38747540724399054,0,0.2727272727272727,0,0.09968976920172366,0,0.4585283262154518,0,0.1268511868673538
21110033,1,2513,1018,1,95714.67,False,OI,0,1,0,0.4982502942022355,1,1.0,1,0.9702414317771683,0,0.45852832632860585,1,0.6171144125180634
21107274,0,2513,191,60,9159768.66,False,OI,0,1,0,0.3887221508696489,0,0.2727272727272727,0,0.3950728388712855,0,0.4585283262154518,0,0.22298703379297763
21337411,0,1627,8,882,35554264.25,False,PV,56,1,0,0.003410632529240714,0,0.09090909090909091,0,0.015,0,0.4585283262154518,0,0.002961905476843558
21246703,0,2241,253,57,8007765.49,False,OI,3,3,0,0.39574784625103115,0,0.18181818181818182,0,0.095,0,0.4585283262154518,0,0.15515093254911505
21274733,0,1990,345,147,13266498.75,False,PV,3,1,0,0.2652973218565945,0,0.0,0,0.059279311431066656,0,0.4585283262154518,0,0.08289243207260875
21107587,0,2513,451,525,66321753.21,False,PV,15,1,0,0.021362358606309688,0,0.18181818181818182,0,0.02117708055085626,0,0.4585283262154518,0,0.05692130629800721
21274430,1,1991,1138,22,7761621.81,False,PV,3,2,0,0.44784076937920325,0,0.2727272727272727,1,0.9133528656805134,0,0.4585283262154518,0,0.3843770851655969
21266896,0,2041,858,38,2077273.68,False,PV,0,1,0,0.4378200184761841,1,0.7272727272727273,0,0.17896706216365743,0,0.4585283262154518,0,0.23243002026075363
21254950,1,2151,1186,108,2280202.66,False,PV,0,1,0,0.33742771352704176,1,0.6363636363636364,1,0.9582160897679551,0,0.4585283262154518,0,0.4094321730181636
21236190,0,2304,7,1195,84833330.92,False,PV,9,10,0,0.00031785636124894394,0,0.0,0,0.025,0,0.4585283262154518,0,0.005293827454218334
21107714,1,2513,1862,9,928130.24,False,PV,1,1,0,0.4841236238003281,1,0.9090909090909091,1,0.9646888039596891,0,0.4585283262154518,1,0.5589539888220627
21253841,0,2171,15,10,3526858.76,False,PV,1,1,0,0.4762249587533319,0,0.09090909090909091,0,0.10600294884381097,0,0.4585283262154518,0,0.13787033619745834
21351483,1,1522,1844,1,85086.84,False,OI,0,1,0,0.49827624351371136,1,1.0,1,0.9780781377042331,0,0.4585283268607077,1,0.6171279655991402
21109030,0,2513,14,243,23151604.22,False,OI,15,1,0,0.15500751928202552,0,0.09090909090909091,0,0.005242382271468144,0,0.4585283262154518,0,0.04588456016834901
21107556,0,2513,7,154,77134031.3,False,OI,1,3,0,0.15571990682102982,0,0.0,0,0.01615260737236788,0,0.4585283262154518,0,0.026855169178977775
21108739,1,2513,1474,219,17791557.82,False,PV,4,1,0,0.18271304842409095,0,0.2727272727272727,1,0.8247501650892168,0,0.4585283262154518,0,0.3142960458053756
21300885,0,1841,107,242,27333689.47,False,OI,10,2,0,0.1504540384647028,0,0.18181818181818182,0,0.005292814548125206,0,0.4585283262154518,0,0.04290829263806368
21268378,0,2024,665,185,13732996.62,False,PV,2,1,0,0.22222976636725827,0,0.2727272727272727,0,0.0,0,0.4585283262154518,0,0.11699371478286898
21109476,0,2513,25,190,18717930.38,False,PV,4,1,0,0.20881822153449753,0,0.09090909090909091,0,0.0365024748350444,0,0.4585283262154518,0,0.06877840114255514
21107949,0,2513,17,194,12347305.12,False,PV,4,2,0,0.21527482253036354,0,0.0,0,0.005933400691783326,0,0.4585283262154518,0,0.06654939692257027
21107518,0,2513,191,53,44904407.84,False,PV,1,1,0,0.3180552192140453,0,0.09090909090909091,0,0.08527445529820707,0,0.4585283262154518,0,0.0654669479552862
21318349,1,1786,1749,7,285690.31,False,OI,0,1,0,0.48872312470610896,1,1.0,1,0.9912909040794686,0,0.4585283262154518,1,0.6227999431128626
21113554,0,2513,252,75,7208164.54,False,OI,1,1,0,0.3719063492572421,1,0.7272727272727273,0,0.06214864045461753,0,0.4585283262154518,0,0.20662978979549396
21502263,0,1155,8,132,3477211.48,False,PV,6,1,0,0.30332138456226654,0,0.09090909090909091,0,0.10024669018521286,0,0.4585283262154518,0,0.1047021698303018
21108252,0,2513,162,74,5729536.04,False,PV,0,1,0,0.37673495965067794,0,0.09090909090909091,0,0.09292785748846595,0,0.4585283262154518,0,0.11368273285540456
21107253,0,2513,150,153,36357616.03,False,OI,8,2,0,0.2171320714865512,0,0.09090909090909091,0,0.025996685684274868,0,0.4585283262154518,0,0.10500314465129021
21108776,0,2513,70,181,14072116.02,False,PV,0,2,0,0.22585648614786075,0,0.36363636363636365,0,0.005933400691783326,0,0.4585283262154518,0,0.16746556904781792
21108847,0,2513,39,454,14157081.16,False,PV,11,1,0,0.0530724764866241,0,0.45454545454545453,0,0.0,0,0.4585283262154518,0,0.07511501960431055
21256643,0,2124,98,43,2250423.94,False,OI,0,1,0,0.429990129746863,1,0.6363636363636364,0,0.16445095662505732,0,0.4585283262154518,0,0.24591786163698967
21438333,0,1305,24,881,18544935.66,False,PV,8,3,0,0.004055016451864037,0,0.09090909090909091,0,0.01738003718742851,0,0.4585283262154518,0,0.004194082559702392
21107464,0,2513,7,1813,186341857.5,False,PV,26,4,0,2.7978713745974327e-06,0,0.18181818181818182,0,0.02128747401453385,0,0.4585283262154518,0,2.758078358152432e-06
21481879,0,1229,531,17,522926.45,False,PV,0,1,0,0.4730648027043719,1,0.7272727272727273,0,0.482437244185952,0,0.4585283262154518,0,0.319880662182348
21109452,0,2513,35,262,67462438.95,False,PV,5,1,0,0.09557699428471456,0,0.09090909090909091,0,0.01657185628742515,0,0.4585283262154518,0,0.07431089888077132
21109419,0,2513,135,11,13326815.46,False,PV,0,1,0,0.4507064986104974,0,0.0,0,0.0671378122237019,0,0.4585283262154518,0,0.11271347054646669
21154748,1,2481,1332,45,1632654.26,False,PV,0,1,0,0.4285209565040696,1,0.6363636363636364,1,0.8370108886315469,0,0.4585283262154518,0,0.4761821683890872
21108962,0,2513,804,406,16271142.17,False,PV,1,2,0,0.06833822724302202,0,0.45454545454545453,0,0.005,0,0.4585283262154518,0,0.08141026133762311
21109659,1,2513,933,26,1557526.03,False,PV,0,1,0,0.45700419741776865,1,0.9090909090909091,1,0.913374832006468,0,0.4585283262154518,0,0.49371001957246774
21108163,1,2513,2048,7,339605.71,False,OI,0,1,0,0.48859033472107044,1,0.9090909090909091,1,0.9912909040794686,0,0.4585283262154518,1,0.5727308948504396
21240046,1,2271,1787,1,252825.19,False,OI,0,1,0,0.49786321310326537,1,0.9090909090909091,1,0.9958145314896885,0,0.4585283262154518,1,0.6244131928713124
21275999,0,1985,7,16,3356278.86,False,OI,0,1,0,0.4676139861231725,0,0.09090909090909091,0,0.061058445123796684,0,0.4585283262154518,0,0.12652325380468396
21107442,1,2513,1345,94,17015711.48,False,OI,24,3,0,0.32399671276396186,1,0.5454545454545454,1,0.9420042999344556,0,0.4585283262154518,0,0.3581096645017212
21107463,0,2513,84,1446,188624306.21,False,OI,21,4,0,2.5100670971018655e-05,0,0.18181818181818182,0,0.005,0,0.4585283262154518,0,1.2245669914617144e-05
21480215,0,1241,109,323,12262195.52,False,PV,2,3,0,0.111879049262053,0,0.09090909090909091,0,0.014929729979234975,0,0.4585283262154518,0,0.041838700793580146
21340524,0,1586,293,171,14536710.27,False,OI,1,1,0,0.2357564983667539,0,0.45454545454545453,0,0.005933400691783326,0,0.4585283262154518,0,0.06903230817695352
21218956,0,2366,15,320,6337880.29,False,PV,9,1,0,0.1197090381737834,0,0.36363636363636365,0,0.065,0,0.4585283262154518,0,0.10921663664443847
21218949,0,2366,50,538,61794957.99,False,PV,1,1,0,0.020664644753901666,0,0.18181818181818182,0,0.20551420176297747,0,0.4585283262154518,0,0.057183844628027364
21426690,0,1334,14,78,5021431.04,False,PV,0,2,0,0.3727108053096042,0,0.36363636363636365,0,0.42409515359430083,0,0.4585283262154518,0,0.1935490427626616
21107585,0,2513,25,448,36337080.29,False,PV,1,1,0,0.04461899636253282,0,0.09090909090909091,0,0.0,0,0.4585283262154518,0,0.06693991907001008
21109876,0,2513,24,316,27709215.65,False,PV,10,1,0,0.10140769724178895,0,0.18181818181818182,0,0.013374736261573532,0,0.4585283262154518,0,0.035259863041038286
21218648,1,2373,1886,7,1438453.47,False,OI,1,2,0,0.4858846283117022,1,0.9090909090909091,1,0.9389610605792322,0,0.4585283262154518,1,0.5513240972965319
21493569,0,1179,414,63,3023078.31,False,OI,0,1,0,0.39883847572078845,1,0.5454545454545454,0,0.020443093075871065,0,0.4585283262154518,0,0.2148094228815512
21107286,1,2513,1681,3,653861.88,False,OI,0,1,0,0.49385514395675195,1,1.0,1,0.9810977949426742,0,0.4585283262154518,1,0.6233757483354962
21109040,0,2513,210,25,16367346.14,False,OI,0,1,0,0.42254240110771735,0,0.45454545454545453,0,0.07033712771417018,0,0.4585283262154518,0,0.1504206314338934
21107343,0,2513,7,627,94445104.94,False,PV,21,4,0,0.008855669974669347,0,0.0,0,0.0015718562874251498,0,0.4585283262154518,0,0.002581896809017411
21107311,1,2513,1500,21,739760.55,False,PV,5,1,0,0.466514921808115,1,1.0,1,0.9187475317162136,0,0.4585283262154518,1,0.6035584107620302
21237981,0,2292,7,673,49552345.18,False,PV,1,1,0,0.010424384399604086,0,0.18181818181818182,0,0.015,0,0.4585283262154518,0,0.01778572974061262
21221368,0,2333,7,425,29657793.01,False,PV,2,2,0,0.05420836129693804,0,0.18181818181818182,0,0.02,0,0.4585283262154518,0,0.02601642594905595
21108119,0,2513,35,29,3381743.83,False,PV,0,1,0,0.4480627318506651,0,0.09090909090909091,0,0.023666980984140454,0,0.4585283262154518,0,0.12060945630461437
21108556,0,2513,43,203,4587686.45,False,PV,2,1,0,0.2190364689958917,0,0.36363636363636365,0,9.7728965003723e-05,0,0.4585283262154518,0,0.12249917525380855
21107439,0,2513,7,579,76642929.56,False,OI,13,2,0,0.014030072424787855,0,0.0,0,0.015453211325966852,0,0.4585283262154518,0,0.007011723555749779
21345947,0,1551,655,24,907121.07,False,PV,13,1,0,0.46159487865068555,1,0.9090909090909091,0,0.17341067246179215,0,0.4585283262154518,0,0.38506088510837316
21108237,0,2513,59,352,62552240.2,False,PV,4,3,0,0.06050898837856582,0,0.18181818181818182,0,0.005292814548125204,0,0.4585283262154518,0,0.014925914129986497
21108604,0,2513,66,34,97479298.21,False,PV,0,5,0,0.23754265663945665,0,0.0,0,0.026805150412679994,0,0.4585283262154518,0,0.033804967739223646
21108625,0,2513,80,70,6032366.85,False,PV,0,1,0,0.3817176143664832,0,0.18181818181818182,0,0.06687923333660548,0,0.4585283262154518,0,0.10681343052248637
21107297,0,2513,342,189,6550213.45,False,PV,0,2,0,0.230398873818455,0,0.45454545454545453,0,0.0006628787878787878,0,0.4585283262154518,0,0.12343238851155025
21235620,0,2312,56,79,15932484.89,False,OI,1,1,0,0.3465598923814329,0,0.18181818181818182,0,0.08321514382637125,0,0.4585283262154518,0,0.09282275188190228
21107361,0,2513,9,547,19363636.07,False,PV,57,1,0,0.029467144764577912,0,0.09090909090909091,0,0.0,0,0.4585283262154518,0,0.01591470526322565
21286744,1,1907,1332,27,3052936.65,False,PV,0,1,0,0.45185354219383944,1,0.5454545454545454,1,0.9059036022816757,0,0.4585283262154518,0,0.42404622889670507
21107364,0,2513,37,504,66852121.39,False,PV,27,2,0,0.024057548809801776,0,0.09090909090909091,0,0.005982936717154397,0,0.4585283262154518,0,0.059959330059068644
21109641,0,2513,35,44,12637910.48,False,PV,2,1,0,0.4036359406080718,0,0.0,0,0.0030351292384234113,0,0.4585283262154518,0,0.09773299578999371
21108196,0,2513,116,14,1677709.47,False,OI,0,2,0,0.4747445587988804,1,0.5454545454545454,0,0.2249024605712651,0,0.4585283262154518,0,0.24918814135067996
21107392,0,2513,7,1965,108563523.78,False,PV,4,1,0,2.4048559461095367e-06,0,0.0,0,0.005,0,0.4585283262154518,0,0.002507185156218456
21493651,0,1178,98,126,3475364.78,False,PV,9,1,0,0.3110374056918233,0,0.09090909090909091,0,0.2719419785001448,0,0.4585283262154518,0,0.14613705714506742
21107346,0,2513,7,3659,344504831.02,False,PV,81,3,0,8.467259625158033e-12,0,0.09090909090909091,0,0.00045321132596685076,0,0.4585283262154518,0,0.002500000047217984
21221343,0,2333,29,337,13689460.36,False,OI,3,1,0,0.10244826400018019,0,0.2727272727272727,0,0.06,0,0.4585283262154518,0,0.09386540077650725
21108288,0,2513,7,855,321235891.17,False,OI,4,1,0,0.00024104675615646508,0,0.09090909090909091,0,0.045,0,0.4585283262154518,0,0.007509610384208949
21320909,1,1751,1709,1,307481.26,False,OI,0,1,0,0.4977284673131613,1,0.9090909090909091,1,0.96903199381917,0,0.4585283262154518,1,0.5693431258405242
21110036,0,2513,8,1406,216681624.19,False,PV,52,4,0,2.4238103680276713e-05,0,0.09090909090909091,0,0.045354969574036515,0,0.4585283262154518,0,0.0050081470516538
21339345,0,1599,7,502,12745557.54,False,OI,2,2,0,0.040794593160284616,0,0.0,0,0.005289878025693608,0,0.4585283262154518,0,0.02148437247340927
21108950,1,2513,1985,11,256630.24,False,PV,0,1,0,0.48276263748114373,1,1.0,1,0.9690280469940746,0,0.4585283262154518,1,0.614291151368684
21312950,1,1816,1466,145,9635101.44,False,OI,2,2,0,0.2747346292034871,0,0.2727272727272727,1,0.8668264799423632,0,0.4585283262154518,0,0.39224204910002947
21447613,0,1296,7,59,11101368.6,False,OI,2,1,0,0.3856155111462915,0,0.45454545454545453,0,0.25311607771287786,0,0.4585283262154518,0,0.20087406588119822
21108458,1,2513,1914,4,150658.7,False,PV,0,1,0,0.493585193594712,1,0.9090909090909091,1,0.9708346448612766,0,0.4585283262154612,1,0.5637585219036546
21441920,0,1302,21,41,14446670.3,False,PV,0,1,0,0.4037073487439738,0,0.45454545454545453,0,0.00784070879650266,0,0.4585283262154518,0,0.09627843379646939
21108423,1,2513,869,3,1118323.19,False,OI,0,1,0,0.49270878899072484,1,0.7272727272727273,1,0.9532062347327589,0,0.4585283262154518,1,0.5002804968243492
21107235,0,2513,576,113,3095474.81,False,OI,2,1,0,0.32893280739064634,1,0.5454545454545454,0,0.08457306228676462,0,0.4585283262154518,0,0.2022295511683737
21493488,0,1180,7,32,15593415.44,False,OI,2,2,0,0.4141134533690506,0,0.09090909090909091,0,0.11164500466376825,0,0.4585283262154518,0,0.10962058365216089
21487232,0,1193,273,66,3725868.64,False,OI,6,1,0,0.3928469459304109,0,0.09090909090909091,0,0.01405986508423637,0,0.4585283262154518,0,0.15567091405596614
21218955,1,1666,959,71,3628649.95,False,PV,2,1,0,0.38589060437774847,0,0.09090909090909091,1,0.67060669431585,0,0.4585283262154518,0,0.3095234589164506
21428220,0,1326,7,3461,420838190.53,False,PV,91,11,0,1.3192474538012452e-11,0,0.0,0,0.0,0,0.4585283262154518,0,2.2637359059475914e-11
21110072,0,2513,769,51,5261437.2,False,PV,0,2,0,0.41098158252143835,0,0.36363636363636365,0,0.02380430905916501,0,0.4585283262154518,0,0.11507608655495126
21109036,0,2513,812,6,4611074.51,False,PV,0,1,0,0.47958273927056494,0,0.36363636363636365,0,0.059264903628755805,0,0.4585283262154518,0,0.1800291165588876
21266043,1,2053,1978,19,353387.71,False,OI,1,1,0,0.4704710556590183,1,1.0,1,0.8709861345023444,0,0.4585283262154518,1,0.5870747443986256
21108150,0,2513,16,788,133223456.0,False,OI,22,1,0,0.002300288377080766,0,0.0,0,0.00045321132596685076,0,0.4585283262154518,0,0.0005988028150699422
21107853,0,2513,496,25,3727084.8,False,PV,0,1,0,0.4531998101869456,0,0.09090909090909091,0,0.02025871086154494,0,0.4585283262154518,0,0.16370897195267542
21108656,0,2513,22,32,1032968.83,False,OI,0,3,0,0.4493068443681033,1,0.7272727272727273,0,0.2595489481289024,0,0.4585283262154518,0,0.28531619310479406
21107278,0,2513,35,374,29905492.31,False,PV,1,1,0,0.07218404305103679,0,0.18181818181818182,0,0.010662878787878789,0,0.4585283262154518,0,0.032895294486498486
21109449,1,2513,1530,25,7001731.79,False,PV,1,1,0,0.4452151531827634,1,0.7272727272727273,1,0.8013368907703767,0,0.4585283262154518,0,0.47456246541891833
21107258,0,2513,16,660,105377481.23,False,OI,17,2,0,0.006529526508852508,0,0.0,0,0.00045321132596685076,0,0.4585283262154518,0,0.001802785294556324
21109277,0,2513,668,14,5071177.13,False,OI,1,1,0,0.4664078235353685,0,0.36363636363636365,0,0.07545432037199883,0,0.4585283262154518,0,0.12985819176740399
21268143,1,2026,1597,34,4891558.92,False,OI,4,2,0,0.4369413283234535,0,0.36363636363636365,1,0.9017991357487716,0,0.4585283262154518,0,0.42490386755111587
21107269,1,2513,1533,20,13848617.82,False,PV,0,1,0,0.43602438070376015,0,0.2727272727272727,1,0.8636384450131183,0,0.4585283262154518,0,0.4222763393039196
21107294,0,2513,66,480,40384985.4,False,PV,8,1,0,0.0356698570283535,0,0.09090909090909091,0,5.043227665706051e-05,0,0.4585283262154518,0,0.06381763182224534
21374791,0,1410,51,30,7948022.47,False,PV,0,1,0,0.4354731945810191,0,0.18181818181818182,0,0.017177623167875435,0,0.4585283262154518,0,0.1595857090830583
21345669,0,1556,858,27,14338132.78,False,PV,0,1,0,0.4244761424827683,0,0.45454545454545453,0,0.020668120385221863,0,0.4585283262154518,0,0.10740608873824037
21218577,0,2374,540,41,2927546.64,False,OI,0,2,0,0.4313113344197636,1,0.5454545454545454,0,0.040070630969998654,0,0.4585283262154518,0,0.12057774538965199
21278437,0,1968,9,630,30095320.39,False,PV,16,2,0,0.016276121669718164,0,0.18181818181818182,0,0.0,0,0.4585283262154518,0,0.009276836198797595
21108898,1,2513,1576,5,277577.41,False,PV,0,1,0,0.4917617757513237,1,1.0,1,0.944628209724531,0,0.4585283262154518,1,0.6158338649875087
21107451,0,2513,13,233,19270653.48,False,PV,2,3,0,0.16837223226490317,0,0.09090909090909091,0,0.022157823429119875,0,0.4585283262154518,0,0.06310978109301402
21107383,0,2513,7,1959,218885247.7,False,OI,72,1,0,8.405565673958366e-07,0,0.18181818181818182,0,0.0,0,0.4585283262154518,0,7.678732588535578e-07
21107505,0,2513,7,1114,169855319.96,False,OI,17,3,0,0.00022427339322506217,0,0.18181818181818182,0,0.0,0,0.4585283262154518,0,7.227567815222893e-05
21299664,1,1850,1306,73,8610037.95,False,OI,0,1,0,0.37150327531514404,0,0.18181818181818182,1,0.7674301892466923,0,0.4585283262154518,0,0.34542670668919556
21107547,1,2513,1621,1147,252228907.44,False,OI,19,49,0,8.15939646500599e-05,0,0.18181818181818182,1,0.8590599432382072,0,0.4585283262154518,0,0.2575116351681175
21109407,1,2513,1933,9,522208.26,False,PV,0,1,0,0.48512416815505743,1,0.7272727272727273,1,0.8814089170879268,0,0.4585283262154518,0,0.42947393682000157
21107481,0,2513,9,183,6455319.7,False,OI,1,1,0,0.23705525609872577,0,0.36363636363636365,0,0.019101438127090305,0,0.4585283262154518,0,0.1323161197700103
21374915,1,1409,1094,1,57364.18,False,OI,0,1,0,0.498344483497471,1,1.0,1,0.9936828796378738,0,0.4585284480137357,1,0.6221634859391266
21113570,1,2513,1914,2,365812.91,False,OI,0,1,0,0.4960746388187392,1,1.0,1,0.98066404999548,0,0.4585283262154518,1,0.5740065222625186
21425332,0,1354,8,535,11697959.48,False,PV,12,1,0,0.034008840364984784,0,0.36363636363636365,0,0.007629689468516292,0,0.4585283262154518,0,0.06929937094889606
21215966,0,2405,316,55,13189723.81,False,PV,0,1,0,0.38646100863240235,0,0.0,0,0.025295679889745085,0,0.4585283262154518,0,0.09683889145541767
21318072,0,1788,36,46,15767023.78,False,OI,1,1,0,0.39334806112526133,0,0.09090909090909091,0,0.0028407087965026607,0,0.4585283262154518,0,0.09345206927273472
21425302,0,1354,7,422,19085801.51,False,PV,7,1,0,0.06083257415270256,0,0.09090909090909091,0,0.02238003718742851,0,0.4585283262154518,0,0.028371315522496488
21109066,1,2513,1560,11,1623876.95,False,PV,0,1,0,0.4793968905627501,1,0.6363636363636364,1,0.8080265355113319,0,0.4585283262154518,0,0.46004095868917366
21113559,1,2513,1989,9,266807.21,False,OI,2,1,0,0.48575319078233026,1,1.0,1,0.9834746153247731,0,0.4585283262154518,1,0.6173011983702547
21266036,1,2053,2004,4,274805.86,False,PV,0,1,0,0.49327939629387907,1,1.0,1,0.9783225684521524,0,0.4585283262154518,1,0.6235994908545033
21480242,0,1240,7,36,11662635.99,False,OI,0,3,0,0.4176562650832109,0,0.36363636363636365,0,0.0022140675933515507,0,0.4585283262154518,0,0.15343611546956382
21108632,1,2513,1172,334,21147342.06,False,PV,0,5,0,0.09746567699391383,0,0.09090909090909091,1,0.753173748353096,0,0.4585283262154518,0,0.27197944392773266
21487379,0,1192,736,12,4355008.65,False,PV,0,1,0,0.47117496928931496,0,0.2727272727272727,0,0.02177553191478357,0,0.4585283262154518,0,0.17129139883337433
21343981,1,1568,1270,8,384853.92,False,OI,0,1,0,0.4869711085601824,1,0.9090909090909091,1,0.9674833786572425,0,0.4585283262154518,1,0.5674115070091763
21287758,0,1898,7,409,11910535.66,False,OI,7,1,0,0.06993833023717295,0,0.2727272727272727,0,0.00028987802569360797,0,0.4585283262154518,0,0.03093277836015432
21108060,1,2513,1774,7,1048416.79,False,OI,2,1,0,0.48684588210167296,1,0.7272727272727273,1,0.9148340680654047,0,0.4585283262154518,0,0.4943235729073103
21154162,0,2492,7,225,41193657.49,False,PV,5,1,0,0.14616743552577588,0,0.09090909090909091,0,0.010292814548125204,0,0.4585283262154518,0,0.038361145211194304
21428178,0,1326,9,568,80656623.01,False,PV,28,1,0,0.014406544822867169,0,0.0,0,5.043227665706051e-05,0,0.4585283262154518,0,0.004354100579278
21107353,0,2513,401,103,7959133.26,False,PV,1,2,0,0.3316889747955251,0,0.18181818181818182,0,0.03821456650298322,0,0.4585283262154518,0,0.15389172064888829
21109959,0,2513,39,334,15442811.33,False,PV,1,1,0,0.10252453219247709,0,0.09090909090909091,0,0.00045137691598989805,0,0.4585283262154518,0,0.03810407292528041
21432917,0,1311,16,549,55012371.56,False,PV,23,1,0,0.020672971605419116,0,0.18181818181818182,0,5.043227665706051e-05,0,0.4585283262154518,0,0.0578614623968997
21108590,1,2513,1775,91,6890075.81,False,PV,0,3,0,0.35034021514177544,1,0.6363636363636364,1,0.76138258984173,0,0.4585283262154518,0,0.4505684302288531
21278715,0,1967,483,623,47558642.04,False,PV,83,2,0,0.014322321796482561,0,0.09090909090909091,0,0.010144165538574574,0,0.4585283262154518,0,0.00674856365722228
21326959,0,1698,7,180,20421429.73,False,OI,3,5,0,0.21611582658377176,0,0.09090909090909091,0,0.0,0,0.4585283262154518,0,0.10909301405644345
21108065,0,2513,45,129,21495218.69,False,PV,1,1,0,0.27071166509851413,0,0.09090909090909091,0,0.013359012854033524,0,0.4585283262154518,0,0.11817155432616262
21108046,1,2513,890,17,732845.73,False,PV,0,1,0,0.4725481918937464,1,1.0,1,0.938235747303544,0,0.4585283262154518,1,0.599612301556632
21107333,0,2513,7,2669,267519705.13,False,OI,35,1,0,7.145871136064026e-09,0,0.09090909090909091,0,0.00045321132596685076,0,0.4585283262154518,0,0.05250001447435088
21107348,0,2513,15,486,34111327.93,False,PV,28,1,0,0.036561239538200056,0,0.09090909090909091,0,0.005,0,0.4585283262154518,0,0.015232117817861516
21107798,0,2513,28,36,1998242.42,False,PV,1,2,0,0.4409895920103113,1,0.6363636363636364,0,0.15639748289277378,0,0.4585283262154518,0,0.22054935257434172
21108987,0,2513,7,102,55745218.21,False,OI,1,1,0,0.23766340506111558,0,0.18181818181818182,0,0.021420324959139845,0,0.4585283262154518,0,0.09555560873566958
21109041,0,2513,219,5,1612802.52,False,OI,0,1,0,0.4884728104242493,1,0.7272727272727273,0,0.34545258049649463,0,0.4585283262154518,0,0.33162404747748264
21107702,1,2513,1527,34,870976.54,False,PV,0,1,0,0.4467144093047666,1,0.9090909090909091,1,0.9010828068921946,0,0.4585283262154518,1,0.520001945669582
21107369,1,2513,1533,17,1644895.14,False,OI,0,2,0,0.47030891907488964,1,0.5454545454545454,1,0.7696866359429306,0,0.4585283262154518,0,0.47594647171852755
21110081,1,2513,1946,2,665836.77,False,OI,0,2,0,0.4953353745069334,1,1.0,1,0.9810977949426742,0,0.4585283262154518,1,0.6236222003710146
21108737,0,2513,144,129,5695116.36,False,PV,3,1,0,0.30253146256209784,0,0.0,0,0.08034980000431227,0,0.4585283262154518,0,0.09284397761108915
21131148,1,2513,1801,26,1023164.59,False,PV,0,1,0,0.45831512059255586,1,0.7272727272727273,1,0.9608372101554191,0,0.4585283262154518,1,0.501892424193043
21108983,0,2513,56,13,2104587.53,False,OI,1,2,0,0.4751977024341906,1,0.7272727272727273,0,0.12195614024054385,0,0.4585283262154518,0,0.22390298066897546
21341632,0,1575,7,1115,110792796.47,False,OI,11,9,0,0.00039894255849414893,0,0.0,0,0.032859330301959,0,0.4585283262154518,0,0.00024134888831367252
21217758,1,2377,1654,102,7991239.33,False,OI,0,1,0,0.33295989364480066,0,0.18181818181818182,1,0.8863179402341926,0,0.4585283262154518,0,0.3715944070233659
21482356,0,1225,11,274,8878116.7,False,PV,52,1,0,0.1490099434858283,0,0.2727272727272727,0,0.010968982883278971,0,0.4585283262154518,0,0.10479601169864813
21480319,0,1239,211,212,2972379.91,False,OI,23,1,0,0.21253452171933748,1,0.5454545454545454,0,0.021227108190572257,0,0.4585283262154518,0,0.07726828469549585
21300713,0,1842,7,555,31014297.11,False,OI,7,1,0,0.02514254854014484,0,0.18181818181818182,0,0.0,0,0.4585283262154518,0,0.012307463160531117
21316221,0,1801,69,162,16054406.56,False,PV,9,1,0,0.24292960220758567,0,0.2727272727272727,0,0.07251086956521739,0,0.4585283262154518,0,0.11935521589356904
21109946,1,2513,1919,8,319085.8,False,PV,0,1,0,0.48713184795053394,1,0.9090909090909091,1,0.9812909040794687,0,0.4585283262154518,1,0.5699954400586645
21107341,1,2513,1876,15,584916.86,False,OI,0,1,0,0.47592440387636525,1,0.8181818181818182,1,0.887688715133779,0,0.4585283262154518,0,0.46782422169983917
21109747,0,2513,35,327,8364577.56,False,PV,19,1,0,0.11330314018094476,0,0.2727272727272727,0,0.010451376915989899,0,0.4585283262154518,0,0.094084303062023
21326950,0,1698,808,63,5046671.84,False,PV,0,2,0,0.39406227182548614,0,0.36363636363636365,0,0.00759439231437701,0,0.4585283262154518,0,0.10479277809566616
21109120,0,2513,52,51,11281634.81,False,PV,1,2,0,0.39669721913106276,0,0.45454545454545453,0,0.0030351292384234113,0,0.4585283262154518,0,0.14764230516652732
21109162,0,2513,198,117,22035606.2,False,OI,2,1,0,0.2841730557943149,0,0.09090909090909091,0,0.011793295874563616,0,0.4585283262154518,0,0.12263273544246278
21109979,0,2513,9,83,8035775.2,False,PV,8,3,0,0.35881192898616704,0,0.18181818181818182,0,0.026921165136307938,0,0.4585283262154518,0,0.14365494626007413
21108905,0,2513,24,27,2123847.13,False,PV,0,1,0,0.45412396957521783,1,0.6363636363636364,0,0.4684031277406212,0,0.4585283262154518,0,0.24022856943731202
21108711,1,2513,1548,17,4506682.189999999,False,PV,0,1,0,0.46328690223889074,0,0.2727272727272727,1,0.9293781542096083,0,0.4585283262154518,0,0.3947967231345073
21107345,0,2513,9,1361,130591447.8,False,PV,53,2,0,7.430974747831714e-05,0,0.0,0,0.00045321132596685076,0,0.4585283262154518,0,5.7432313412203865e-05
21375342,0,1402,9,463,24401951.68,False,PV,1,2,0,0.045785909455560575,0,0.09090909090909091,0,5.043227665706051e-05,0,0.4585283262154518,0,0.020046351713399274
21107371,0,2513,38,972,169618203.73,False,PV,29,5,0,0.0005298114531789556,0,0.18181818181818182,0,0.006287474014533847,0,0.4585283262154518,0,0.000131627330545931
21107772,0,2513,85,113,13554698.65,False,PV,1,3,0,0.30658844364954596,0,0.18181818181818182,0,0.16039543502902498,0,0.4585283262154518,0,0.11013708898506296
21107420,0,2513,7,1538,183507903.5,False,PV,21,10,0,1.5145373072732077e-05,0,0.18181818181818182,0,0.005,0,0.4585283262154518,0,0.0025092502927856497
21108650,0,2513,8,347,37384207.57,False,PV,3,1,0,0.0784021218240396,0,0.09090909090909091,0,0.06617708055085626,0,0.4585283262154518,0,0.09449304830676543
21268819,1,2020,1018,90,1798700.68,False,PV,0,1,0,0.3632421478448054,1,0.5454545454545454,1,0.8469624201275926,0,0.4585283262154518,0,0.35949280143188217
21483898,0,1215,32,23,2169903.89,False,PV,3,1,0,0.46000754148195855,1,0.6363636363636364,0,0.08233244428498442,0,0.4585283262154518,0,0.18621165685422417
21237978,0,2292,80,172,9702358.14,False,OI,2,1,0,0.24333789166875391,0,0.2727272727272727,0,0.05042,0,0.4585283262154518,0,0.17376823730652352
21239405,1,2277,1256,19,2240501.74,False,OI,0,2,0,0.4658400275177993,1,0.6363636363636364,1,0.8642248354559873,0,0.4585283262154518,0,0.4271641757479626
21482138,0,1225,66,93,19119009.68,False,PV,3,1,0,0.32078776239788426,0,0.09090909090909091,0,0.0895849546808979,0,0.4585283262154518,0,0.10099874707303752
21107733,0,2513,7,2138,340336249.15,False,OI,23,4,0,8.612881421109431e-08,0,0.09090909090909091,0,0.03,0,0.4585283262154518,0,0.002500030093729739
21107304,1,2513,1444,97,16112677.58,False,PV,5,7,0,0.32198105981535363,0,0.2727272727272727,1,0.9362426485532542,0,0.4585283262154518,0,0.36093455054364054
21107425,1,2513,1072,355,36453882.33,False,PV,46,5,0,0.07561972062312272,0,0.09090909090909091,1,0.8165237534770816,0,0.4585283262154518,0,0.2866757580639865
21154584,0,2485,7,1506,49073234.95,False,PV,35,1,0,6.913112045954827e-05,0,0.09090909090909091,0,0.0005142017629774731,0,0.4585283262154518,0,0.00016627505540433532
21274897,1,1988,1866,2,2127170.57,False,PV,0,1,0,0.49173497233999447,1,0.6363636363636364,1,0.8401595543618358,0,0.4585283262154518,0,0.3967507804159223
21109065,0,2513,7,412,23110046.09,False,OI,2,1,0,0.06202737972017461,0,0.09090909090909091,0,0.020932504440497338,0,0.4585283262154518,0,0.024944607831355565
21108383,0,2513,30,112,18720194.45,False,PV,0,2,0,0.297134434341916,0,0.09090909090909091,0,0.028812124503558984,0,0.4585283262154518,0,0.07970446000535525
21107687,0,2513,7,214,12155148.34,False,PV,2,1,0,0.19586832390728093,0,0.18181818181818182,0,0.0061765647676157295,0,0.4585283262154518,0,0.06031996759619728
21108525,0,2513,9,36,6511604.46,False,PV,0,1,0,0.43005454371856267,0,0.45454545454545453,0,0.013120814219259662,0,0.4585283262154518,0,0.1623497391532776
21502245,0,1155,7,725,11305751.18,False,PV,9,1,0,0.011094183524198052,0,0.45454545454545453,0,0.00834704670442235,0,0.4585283262154518,0,0.06166297762724995
21107416,0,2513,7,1715,307343810.64,False,PV,21,15,0,1.5342761868500311e-06,0,0.09090909090909091,0,0.0,0,0.4585283262154518,0,3.4814870313122553e-07
21481881,0,1229,269,32,3077509.72,False,PV,2,2,0,0.44432631614737844,1,0.5454545454545454,0,0.04739971366711382,0,0.4585283262154518,0,0.21771739003893753
21107440,0,2513,35,473,19380888.37,False,PV,12,2,0,0.045312280680389914,0,0.09090909090909091,0,0.0,0,0.4585283262154518,0,0.021201078497880745
21109843,0,2513,46,45,18556211.62,False,OI,4,2,0,0.388244625606407,0,0.09090909090909091,0,0.19395787075919305,0,0.4585283262154518,0,0.13037389966184804
21334568,0,1653,9,344,8308485.62,False,PV,2,1,0,0.10344166445161002,0,0.2727272727272727,0,0.018226775331057453,0,0.4585283262154518,0,0.04909757124700715
21338132,0,1614,7,358,11490285.7,False,OI,17,2,0,0.09317471121366136,0,0.45454545454545453,0,0.015289878025693609,0,0.4585283262154518,0,0.08747782553790692
21107586,0,2513,234,221,14661380.02,False,PV,33,1,0,0.18553354516784087,0,0.36363636363636365,0,0.012391799544419135,0,0.4585283262154518,0,0.05920459504614023
21330874,0,1673,11,104,5070974.76,False,PV,2,1,0,0.3366823142138398,0,0.36363636363636365,0,0.03723138528596761,0,0.4585283262154518,0,0.10706800527172392
21110039,1,2513,1900,28,1225572.6,False,PV,0,1,0,0.45482054279643885,1,0.6363636363636364,1,0.9229299539403872,0,0.4585283262154518,0,0.4886122680976269
21107298,0,2513,738,15,7436600.74,False,PV,1,1,0,0.45911242171661476,1,0.5454545454545454,0,0.23,0,0.4585283262154518,0,0.21659625885165956
21108133,0,2513,7,1422,192933142.95,False,PV,18,1,0,2.7809456796941114e-05,0,0.18181818181818182,0,0.025,0,0.4585283262154518,0,1.2396328526462966e-05
21352533,0,1509,7,919,21902463.71,False,PV,6,2,0,0.0031214015130626464,0,0.09090909090909091,0,0.015,0,0.4585283262154518,0,0.05835039485677281
21486763,0,1198,8,423,11463228.55,False,PV,12,1,0,0.06490248960337869,0,0.45454545454545453,0,0.03234682586146167,0,0.4585283262154518,0,0.09461683017393938
21107469,0,2513,678,158,4825395.42,False,PV,1,1,0,0.26857819177418923,0,0.45454545454545453,0,0.03,0,0.4585283262154518,0,0.1996166087276419
21362455,0,1480,340,7,7044716.46,False,OI,0,4,0,0.47209521829207274,1,0.7272727272727273,0,0.16350849352731586,0,0.4585283262154518,0,0.29666822602771326
21107366,0,2513,9,1289,146773316.44,False,PV,26,1,0,9.78631554806503e-05,0,0.09090909090909091,0,0.05066287878787879,0,0.4585283262154518,0,0.0050557320809926296
21113580,0,2513,7,1181,164802020.41,False,OI,12,3,0,0.00015728946551831594,0,0.09090909090909091,0,0.02545321132596685,0,0.4585283262154518,0,0.007560547709270873
21109466,0,2513,16,317,40061495.87,False,OI,7,2,0,0.09034232999882083,0,0.09090909090909091,0,0.03275325183668554,0,0.4585283262154518,0,0.08610224928828467
21107588,0,2513,7,999,216513441.06,False,PV,8,3,0,0.0002835688362512972,0,0.09090909090909091,0,0.12128747401453385,0,0.4585283262154518,0,4.4969180364825434e-05
21107472,0,2513,23,1060,42998234.24,False,PV,2,1,0,0.0010841565316555425,0,0.09090909090909091,0,0.010514201762977474,0,0.4585283262154518,0,0.003714842845443128
21108972,1,2513,1967,22,3781779.91,False,PV,0,1,0,0.45756102384938396,0,0.09090909090909091,1,0.5223857722734732,0,0.4585283262154518,0,0.2619191584593644
21108647,1,2513,1541,55,4074712.74,False,OI,1,1,0,0.40797195226974753,0,0.18181818181818182,0,0.44720408408826856,0,0.4585283262154518,0,0.23553827520098577
21108205,1,2513,1596,61,2971239.09,False,PV,3,1,0,0.40185849916062877,1,0.5454545454545454,1,0.588017725967396,0,0.4585283262154518,0,0.24288399801812313
21494984,0,1172,7,119,1156278.42,False,PV,10,1,0,0.325163194091638,1,0.7272727272727273,1,0.522223472731321,0,0.4585283262154518,0,0.34558150190504056
21107756,0,2513,316,6,1231200.8,False,OI,0,2,0,0.48790470290096594,1,0.6363636363636364,1,0.815582624197647,0,0.4585283262154518,0,0.4443512214512009
21218513,1,2375,1085,10,354412.16,False,PV,9,2,0,0.4840263087979258,1,1.0,1,0.8945295809367297,0,0.4585283262154518,1,0.5719266102272366
21109972,1,2513,1914,11,491502.53,False,PV,0,1,0,0.48218335919238225,1,0.7272727272727273,1,0.9328006894860443,0,0.4585283262154518,0,0.4464901903129558
21264572,0,2073,401,271,28174260.06,False,PV,0,1,0,0.1284778928450454,0,0.18181818181818182,0,5.043227665706051e-05,0,0.4585283262154518,0,0.04319962877313043
21109467,0,2513,654,124,4717955.53,False,PV,3,1,0,0.31099931186880087,1,0.6363636363636364,0,0.42716614069110015,0,0.4585283262154518,0,0.2576612919453901
21109016,0,2513,85,194,3750696.57,False,PV,0,1,0,0.22993634236864469,0,0.09090909090909091,0,0.019101438127090305,0,0.4585283262154518,0,0.13529789429074743
21108735,0,2513,52,446,16963945.11,False,PV,3,1,0,0.05411994736674234,1,0.5454545454545454,0,0.015,0,0.4585283262154518,0,0.07457756998877524
21109343,0,2513,14,35,4691699.96,False,PV,0,1,0,0.43593961289638555,1,0.6363636363636364,0,0.15159296888626514,0,0.4585283262154518,0,0.2348982697085997
21108511,0,2513,9,1080,75046871.36,False,PV,11,1,0,0.0007008238554353575,0,0.09090909090909091,0,0.015453211325966852,0,0.4585283262154518,0,0.0030806924008051862
21320900,0,1751,428,10,3889780.54,False,OI,0,1,0,0.4753540944989051,0,0.09090909090909091,0,0.04240803112959218,0,0.4585283262154518,0,0.1774110932309691
21108871,1,2513,1851,45,2123041.09,False,PV,3,1,0,0.42733626651595485,1,0.6363636363636364,1,0.6075589097280387,0,0.4585283262154518,0,0.30306144442782956
21339455,0,1599,36,1099,31367487.44,False,PV,24,2,0,0.0009608143948679908,0,0.18181818181818182,0,0.012380037187428512,0,0.4585283262154518,0,0.006308993948706066
21428173,0,1326,653,141,3227298.49,False,OI,1,1,0,0.2924679230817773,1,0.5454545454545454,0,0.1370648496397919,0,0.4585283262154518,0,0.125361183849221
21504498,0,1149,317,171,3723997.89,False,OI,16,1,0,0.25549802760045753,0,0.09090909090909091,0,0.00542,0,0.4585283262154518,0,0.13539688535250236
21107533,0,2513,8,656,99865551.22,False,OI,37,2,0,0.00705890675691839,0,0.0,0,0.0015718562874251498,0,0.4585283262154518,0,0.0020504838991789284
21236707,0,2299,17,441,62266127.96,False,OI,11,6,0,0.03636017392375194,0,0.18181818181818182,0,0.01,0,0.4585283262154518,0,0.010534332355409614
21109024,0,2513,52,83,75981363.32000001,False,OI,6,2,0,0.22265720023472557,0,0.09090909090909091,0,0.02790991103390239,0,0.4585283262154518,0,0.03488156608633924
21477184,0,1276,615,44,3202610.65,False,PV,2,1,0,0.4262083079918471,1,0.5454545454545454,0,0.24363048505702842,0,0.4585283262154518,0,0.19695614345280021
21108172,0,2513,9,224,20975121.73,False,PV,3,2,0,0.173697036097875,0,0.09090909090909091,0,0.010242382271468144,0,0.4585283262154518,0,0.10822164130781281
21345274,0,1561,30,46,7508182.57,False,PV,6,1,0,0.41293409204381637,0,0.45454545454545453,0,0.07894187586433152,0,0.4585283262154518,0,0.1635502984573407
21107896,0,2513,7,107,25287274.26,False,OI,1,1,0,0.28997305182353456,0,0.18181818181818182,0,0.008798853004390027,0,0.4585283262154518,0,0.06888988279719882
21109315,1,2513,2061,9,242033.32,False,OI,0,1,0,0.48581399221090826,1,0.9090909090909091,1,0.7269128574046543,0,0.4585283262154518,0,0.46733267899404074
21107457,1,2513,1256,578,65250216.57,False,PV,45,2,0,0.015764658406761833,0,0.18181818181818182,1,0.642754754605254,0,0.4585283262154518,0,0.19069477534669943
21241327,1,2261,1481,4,516499.56,False,OI,0,1,0,0.4926842362321675,1,0.7272727272727273,1,0.9792394428974112,0,0.4585283262154518,0,0.46579001972306855
21107272,0,2513,9,779,89233151.34,False,PV,3,2,0,0.0037417175512118707,0,0.0,0,0.0,0,0.4585283262154518,0,0.001526286768840936
21110030,0,2513,9,1398,234653700.51,False,PV,46,4,0,2.130831432786756e-05,0,0.18181818181818182,0,0.04628747401453385,0,0.4585283262154518,0,0.052505828720174015
21107327,0,2513,9,1772,228067477.58,False,PV,14,5,0,2.3755105398707763e-06,0,0.18181818181818182,0,0.010453211325966851,0,0.4585283262154518,0,0.002501392415399985
21266313,0,2048,843,15,533002.9,False,PV,0,1,0,0.4760497644196971,1,0.6363636363636364,1,0.7347336176471174,0,0.4585283262154518,0,0.37289019702995463
21264548,0,2073,158,77,4359890.810000001,False,PV,0,1,0,0.37565204095336857,0,0.2727272727272727,0,0.4143948243076545,0,0.4585283262154518,0,0.1996106550014215
21109635,0,2513,748,22,47256319.4,False,PV,2,3,0,0.35464374865364645,0,0.09090909090909091,0,0.22,0,0.4585283262154518,0,0.1267885279963763
21330867,0,1673,7,1107,29353045.09,False,OI,28,1,0,0.000933871254100381,0,0.18181818181818182,0,0.04066287878787879,0,0.4585283262154518,0,0.006319149885036255
21319311,0,1772,675,105,3841615.37,False,OI,0,1,0,0.3380356678675269,0,0.09090909090909091,0,0.3321661406911002,0,0.4585283262154518,0,0.21329222807811754
21109365,0,2513,7,1403,96457191.37,False,OI,21,3,0,8.072274885509552e-05,0,0.0,0,0.0,0,0.4585283262154518,0,9.694658463088013e-05
21108755,0,2513,10,845,70334415.22,False,PV,33,1,0,0.0030280518239300283,0,0.09090909090909091,0,0.00035496957403651115,0,0.4585283262154518,0,0.0542040387405613
21108700,0,2513,451,90,15541189.29,False,OI,0,1,0,0.3325283308182106,0,0.09090909090909091,1,0.8760341523647724,0,0.4585283262154518,0,0.3006967724193922
21339648,0,1597,66,499,15815983.26,False,OI,3,1,0,0.04032183728814722,0,0.09090909090909091,0,0.010289878025693606,0,0.4585283262154518,0,0.020515594704989086
21278767,0,1964,23,78,23941167.4,False,PV,3,4,0,0.3302413029670513,0,0.09090909090909091,0,0.030201543895740528,0,0.4585283262154518,0,0.0765729271927793
21352995,0,1501,724,10,642210.55,False,OI,0,1,0,0.483318071673711,1,0.9090909090909091,1,0.780266540771457,0,0.4585283262154518,0,0.4765582138476764
21109156,0,2513,7,546,60129794.38,False,PV,7,6,0,0.020028742671118822,0,0.18181818181818182,0,0.017086058050402624,0,0.4585283262154518,0,0.057188138603206755
21497442,0,1170,526,34,1399790.56,False,OI,0,1,0,0.44542758008699346,1,0.9090909090909091,0,0.40212203972764515,0,0.4585283262154518,0,0.4118293776531451
21332454,0,1663,7,311,14855410.79,False,PV,5,1,0,0.11662595776553256,0,0.18181818181818182,0,0.013226775331057454,0,0.4585283262154518,0,0.04673826944711989
21481866,0,1229,101,76,4629243.65,False,PV,8,1,0,0.3764453611000038,0,0.45454545454545453,0,0.04,0,0.4585283262154518,0,0.16703094078145103
21109719,0,2513,16,246,25580199.27,False,OI,4,2,0,0.14957827135746188,0,0.18181818181818182,0,0.005242382271468144,0,0.4585283262154518,0,0.0435947151161906
21109783,0,2513,35,638,80839553.38,False,PV,9,1,0,0.00946978763164147,0,0.0,0,0.06657185628742515,0,0.4585283262154518,0,0.005749868612741315
21107551,0,2513,7,299,112551814.89,False,OI,6,9,0,0.05140350892859981,0,0.0,0,0.010242382271468144,0,0.4585283262154518,0,0.006915603493128276
21107316,1,2513,1562,17,568589.69,False,PV,0,1,0,0.47295139220970517,1,0.8181818181818182,1,0.8997707688893164,0,0.4585283262154518,0,0.4873219765121064
21288267,0,1897,191,101,16603826.31,False,OI,0,2,0,0.3156822803725392,1,0.6363636363636364,0,0.049668024341404014,0,0.4585283262154518,0,0.18447321555918297
21428171,0,1326,728,91,1606308.66,False,PV,5,1,0,0.36228331681522485,1,0.7272727272727273,1,0.6596658933546542,0,0.4585283262154518,0,0.3894779423171868
21336359,0,1640,7,994,58952552.99,False,PV,131,4,0,0.0013796945274205381,0,0.09090909090909091,0,0.04617708055085626,0,0.4585283262154518,0,0.05365525392760692
21315098,0,1807,50,41,8099959.97,False,PV,0,1,0,0.4188556330540186,0,0.18181818181818182,0,0.09107049350094305,0,0.4585283262154518,0,0.17658601379249875
21107290,0,2513,7,639,65954198.98,False,PV,16,2,0,0.010884701562655112,0,0.18181818181818182,0,0.005,0,0.4585283262154518,0,0.054370941895293956
21108199,0,2513,8,492,63111427.93,False,PV,2,1,0,0.026763156902783244,0,0.18181818181818182,0,0.00045321132596685076,0,0.4585283262154518,0,0.008434973325138932
21110027,1,2513,1918,5,625782.8300000001,False,PV,0,1,0,0.4909039857525843,1,0.9090909090909091,1,0.8772103199370156,0,0.4585283262154518,1,0.5478878857860577
21339081,0,1603,28,52,2463599.03,False,PV,0,1,0,0.4162052436208801,1,0.7272727272727273,0,0.17964208313598184,0,0.4585283262154518,0,0.28082713208162335
21113581,0,2513,534,12,26063084.35,False,PV,0,2,0,0.41838913672941325,0,0.18181818181818182,0,0.185,0,0.4585283262154518,0,0.12197385119999074
21107558,1,2513,984,6,2967280.74,False,OI,1,1,0,0.483626728488984,1,0.5454545454545454,0,0.21206077348120594,0,0.4585283262154518,0,0.13462906194571075
21107479,1,2513,1218,33,6646883.26,False,OI,0,1,0,0.43417374619659305,1,0.5454545454545454,1,0.7186176572690708,0,0.4585283262154518,0,0.3454501484817166
21348461,1,1537,913,15,1776217.42,False,PV,0,1,0,0.47299412527968177,1,0.5454545454545454,0,0.4388363824026943,0,0.4585283262154518,0,0.23380053511934007
21477390,0,1275,555,2,1048080.25,False,OI,0,1,0,0.4943937467011512,1,0.7272727272727273,1,0.885,0,0.4585283262154518,0,0.4981328385495568
21107240,0,2513,7,66,15585611.52,False,OI,2,2,0,0.365340731624652,0,0.09090909090909091,0,0.015,0,0.4585283262154518,0,0.09631655071850032
21493485,0,1180,86,6,1044868.27,False,OI,0,1,0,0.4883741819928903,1,0.7272727272727273,1,0.661503407365772,0,0.4585283262154518,0,0.4395920691843924
21109976,0,2513,78,504,26718955.2,False,PV,4,1,0,0.03531916199624649,0,0.18181818181818182,0,5.043227665706051e-05,0,0.4585283262154518,0,0.016357899269380843
21253648,0,2173,235,54,1364844.63,False,OI,2,1,0,0.41590427853829454,1,0.9090909090909091,1,0.8543580272118407,0,0.4585283262154518,1,0.5166966968986927
21107252,0,2513,22,454,58717330.13,False,PV,3,7,0,0.03486504406428011,0,0.09090909090909091,0,0.012086058050402623,0,0.4585283262154518,0,0.06322034703260578
21109570,1,2513,1925,4,623981.65,False,PV,0,2,0,0.49241937270144864,1,0.9090909090909091,1,0.948139142160702,0,0.4585283262154518,1,0.5656523041188228
21343231,1,1569,1508,1,274399.97,False,PV,0,1,0,0.49780974515083104,1,1.0,1,0.9873092638810032,0,0.4585283262154518,1,0.6243854427948747
21108778,0,2513,56,229,20300928.59,False,PV,3,1,0,0.17034258440903477,0,0.09090909090909091,0,0.07018897482046682,0,0.4585283262154518,0,0.11793407982587514
21109470,0,2513,372,263,41551047.6,False,PV,3,2,0,0.11941113783820334,0,0.09090909090909091,0,0.050386547810042724,0,0.4585283262154518,0,0.0310432559412041
21479145,0,1253,35,222,2189567.11,False,OI,2,1,0,0.20385586898196414,1,0.6363636363636364,0,0.06973571345952918,0,0.4585283262154518,0,0.18347683183119917
21107358,1,2513,1275,4,1158371.15,False,PV,0,1,0,0.4911025752217895,1,0.7272727272727273,1,0.8736671587235967,0,0.4585283262154518,0,0.47746785984216766
21107453,0,2513,472,131,9717121.52,False,PV,0,1,0,0.2917300983753148,0,0.2727272727272727,0,0.14960503718840237,0,0.4585283262154518,0,0.19531472393133892
21219825,1,2353,1527,114,2074914.54,False,PV,0,1,0,0.3298237643424665,1,0.8181818181818182,1,0.6611706649769837,0,0.4585283262154518,0,0.318206358987549
21108107,0,2513,24,105,22180133.73,False,OI,2,1,0,0.2988425592787622,0,0.09090909090909091,0,0.028732608240428267,0,0.4585283262154518,0,0.08754376097992596
21374113,0,1416,169,59,10691505.77,False,OI,2,1,0,0.38657222181800044,0,0.45454545454545453,0,0.06485180598523711,0,0.4585283262154518,0,0.15387089811081156
21107418,0,2513,9,565,87670668.75,False,PV,37,9,0,0.01369980852041011,0,0.0,0,0.055,0,0.4585283262154518,0,0.011326919800634447
21252854,1,2185,2017,8,1136805.57,False,OI,0,2,0,0.48512131288036064,1,0.7272727272727273,1,0.887309004879754,0,0.4585283262154518,0,0.4814494172532028
21480367,0,1236,165,174,2691803.71,False,PV,14,1,0,0.2539898031203081,0,0.45454545454545453,0,0.15973189903846152,0,0.4585283262154518,0,0.1533582642877435
21253172,1,2180,1296,19,2828633.91,False,OI,0,2,0,0.4643965937244781,0,0.45454545454545453,1,0.9224398903220579,0,0.4585283262154518,0,0.38891369491303507
21374114,0,1416,268,262,6773462.42,False,OI,6,2,0,0.16122005311154902,1,0.6363636363636364,0,0.05040094463933285,0,0.4585283262154518,0,0.16126369288269
21107914,0,2513,219,108,12118487.83,False,OI,1,1,0,0.31609987581253096,0,0.18181818181818182,0,0.007632448738274564,0,0.4585283262154518,0,0.0829053997609344
21109439,0,2513,17,601,203946323.14,False,PV,3,1,0,0.0035399182387681103,0,0.09090909090909091,0,0.040453211325966854,0,0.4585283262154518,0,0.0003079240739289256
21109826,0,2513,24,477,32577825.55,False,OI,9,3,0,0.03908895423135779,0,0.0,0,0.05657185628742515,0,0.4585283262154518,0,0.026251665816121955
21274739,0,1990,7,305,10931856.18,False,PV,1,1,0,0.12456652541058498,0,0.45454545454545453,0,0.06321324070016261,0,0.4585283262154518,0,0.10803821737496118
21338808,0,1606,254,100,6277034.41,False,PV,13,2,0,0.33942509402918836,0,0.2727272727272727,0,0.11605632014008563,0,0.4585283262154518,0,0.16660468271295498
21109403,0,2513,7,65,5892754.17,False,PV,0,2,0,0.38921650892874715,0,0.09090909090909091,0,0.02683831921839281,0,0.4585283262154518,0,0.10824571420591453
21218515,1,2375,1592,29,3228555.31,False,OI,0,1,0,0.4484368037252276,1,0.5454545454545454,1,0.6268265074645863,0,0.4585283262154518,0,0.2783041312312178
21154850,0,1822,387,30,10004891.11,False,OI,3,1,0,0.43049879237291183,0,0.36363636363636365,0,0.25672482800961416,0,0.4585283262154518,0,0.25201378626539356
21108659,0,2513,172,24,23712389.23,False,OI,2,2,0,0.4064394560104295,0,0.09090909090909091,0,0.08788794880674371,0,0.4585283262154518,0,0.11435330700968649
21274716,0,1990,507,127,4097403.49,False,PV,1,1,0,0.3084349707801184,0,0.18181818181818182,0,0.24534980000431228,0,0.4585283262154518,0,0.09767051271522435
21216034,0,2404,127,59,6050638.83,False,PV,3,2,0,0.3974909627120536,0,0.18181818181818182,0,0.2824668306850123,0,0.4585283262154518,0,0.19956537392654167
21107924,0,2513,828,7,19794023.98,False,OI,0,1,0,0.4409251526642162,0,0.09090909090909091,0,0.09308802502625589,0,0.4585283262154518,0,0.13072871624611565
21107514,0,2513,148,77,9996752.44,False,OI,11,2,0,0.3627123265462548,0,0.36363636363636365,0,0.06031018281860315,0,0.4585283262154518,0,0.20277503265580676
21108125,0,2513,46,21,2227512.39,False,OI,0,2,0,0.4628667422014897,1,0.6363636363636364,0,0.32489006679091714,0,0.4585283262154518,0,0.23165910206420554
21107522,0,2513,261,35,7853946.52,False,OI,0,1,0,0.42829229546230974,0,0.2727272727272727,0,0.102918383274184,0,0.4585283262154518,0,0.16842348969362053
21480611,0,1234,584,131,2070895.5,False,OI,6,1,0,0.3075428071386344,1,0.8181818181818182,0,0.2657118597145013,0,0.4585283262154518,0,0.22658608259466576
21319309,0,1772,98,32,34699169.98,False,OI,1,3,0,0.36928020393410954,0,0.09090909090909091,0,0.03,0,0.4585283262154518,0,0.07760429170772436
21108572,0,2513,98,96,49373266.16,False,OI,1,2,0,0.25607097359814673,0,0.18181818181818182,0,0.1693077423662202,0,0.4585283262154518,0,0.06889247916644542
21109782,0,2513,38,711,62608536.58,False,PV,5,1,0,0.007308890436629885,0,0.18181818181818182,0,0.04617708055085626,0,0.4585283262154518,0,0.005974933741489576
21266331,0,2048,392,287,14430787.36,False,PV,4,1,0,0.13289058331486922,0,0.45454545454545453,0,0.008587876944091206,0,0.4585283262154518,0,0.04567614908439346
21362948,0,1473,372,135,7115197.76,False,PV,0,2,0,0.292036947139515,1,0.8181818181818182,0,0.125553194620144,0,0.4585283262154518,0,0.25732137980947556
21110085,0,2513,69,532,44161921.09,False,PV,5,2,0,0.02537179414857735,0,0.09090909090909091,0,5.043227665706051e-05,0,0.4585283262154518,0,0.010432419168964698
21263719,0,2076,809,28,2472753.22,False,PV,0,1,0,0.4517718076661796,1,0.6363636363636364,0,0.22928577403343742,0,0.4585283262154518,0,0.2970236912141968
21109322,0,2513,219,30,6612414.37,False,OI,3,1,0,0.4388270995380968,1,0.5454545454545454,0,0.2707713257753708,0,0.4585283262154518,0,0.20628688023726655
21511103,0,1106,267,39,491294.32,False,OI,9,1,0,0.4401876836794285,1,0.7272727272727273,1,0.7349793667185796,0,0.4585283262154518,0,0.389185729779524
21108533,0,2513,486,109,2773435.36,False,PV,1,1,0,0.334994641665751,0,0.45454545454545453,0,0.28949362817277785,0,0.4585283262154518,0,0.1835933074861942
21334092,1,1655,967,50,1275077.77,False,PV,8,1,0,0.421998220484741,1,0.7272727272727273,0,0.4765718562874251,0,0.4585283262154518,0,0.3578414405826724
21107565,0,2513,9,183,23227530.54,False,PV,1,1,0,0.20846126421522065,0,0.09090909090909091,0,0.04911181707350507,0,0.4585283262154518,0,0.06598896238387722
21108137,0,2513,17,166,9544234.55,False,PV,2,1,0,0.2503626562522429,0,0.2727272727272727,0,0.03365494623234976,0,0.4585283262154518,0,0.18022216210665581
21236001,0,2307,15,103,7122241.36,False,OI,1,1,0,0.3335203556969525,1,0.8181818181818182,0,0.13,0,0.4585283262154518,0,0.2548771804511545
21109399,0,2513,35,87,24952544.39,False,PV,0,2,0,0.3161742928615152,0,0.09090909090909091,0,0.19152553813590942,0,0.4585283262154518,0,0.11850518819576368
21446667,1,1296,1267,10,288452.38,False,PV,0,1,0,0.48419115598856294,1,1.0,1,0.8553635331070608,0,0.4585283262154518,1,0.5595115482021956
21107336,0,2513,7,697,60504763.34,False,PV,29,5,0,0.008113854914338574,0,0.18181818181818182,0,0.005453211325966851,0,0.4585283262154518,0,0.05384147578066699
21109197,0,2513,7,73,14800109.72,False,OI,5,2,0,0.3574118180157091,0,0.2727272727272727,0,0.09740172701465231,0,0.4585283262154518,0,0.10306833729681932
21107446,0,2513,253,1538,131758590.75,False,PV,5,2,0,2.5223403684716574e-05,0,0.0,0,0.005453211325966851,0,0.4585283262154518,0,2.6717405285010733e-05
21480237,0,1240,142,21,394209.46,False,PV,14,1,0,0.46736149250955034,1,0.9090909090909091,1,0.8963875266197343,0,0.4585283262154518,1,0.5514997089002244
21107944,0,2513,456,6,1651975.83,False,PV,0,1,0,0.48686856240072174,1,0.5454545454545454,1,0.6323033848836717,0,0.4585283262154518,0,0.39131257031330374
21218642,1,2373,1163,5,1212795.95,False,PV,0,1,0,0.48945954875439035,1,0.6363636363636364,1,0.8872833625470724,0,0.4585283262154518,0,0.4721365690237506
21218512,0,2510,8,1232,117299633.31,False,OI,26,2,0,0.00018461169116454584,0,0.0,0,0.0,0,0.4585283262154518,0,0.00012943503419362808
21108230,0,2513,17,328,9510120.46,False,PV,7,2,0,0.11157395320878592,0,0.2727272727272727,0,0.005400944639332838,0,0.4585283262154518,0,0.1480887001575876
21107335,1,2513,1914,27,875416.42,False,OI,0,1,0,0.457176139547041,1,0.9090909090909091,1,0.8793512469933833,0,0.4585283262154518,1,0.5268196495316126
21338048,0,1618,38,131,1220353.41,False,PV,25,1,0,0.3093318401021968,1,0.6363636363636364,1,0.6556135248749146,0,0.4585283262154518,0,0.37508835533890755
21110059,1,2513,1583,20,1048980.74,False,PV,1,1,0,0.4672583605559462,1,0.7272727272727273,1,0.9243243044727175,0,0.4585283262154518,1,0.5034241793559808
21107574,1,2513,1831,14,449850.61,False,PV,0,2,0,0.47776311959147527,1,0.6363636363636364,1,0.7509727046905351,0,0.4585283262154518,0,0.3607585336709101
21109001,1,2513,1648,26,3244117.7,False,OI,2,1,0,0.4528829191824397,1,0.5454545454545454,1,0.8516644841968415,0,0.4585283262154518,0,0.3240630081634432
21108866,1,2513,1360,9,2329654.02,False,OI,0,2,0,0.48067549817894833,1,0.5454545454545454,1,0.6420372549716931,0,0.4585283262154518,0,0.3396610996055915
21466016,0,1283,212,11,974741.81,False,OI,0,1,0,0.48099397886200246,1,0.8181818181818182,1,0.8986315181587264,0,0.4585283262154518,0,0.46837145560397947
21375964,0,1394,104,84,8404289.07,False,PV,1,2,0,0.3565933734906922,0,0.2727272727272727,0,0.07458670423223061,0,0.4585283262154518,0,0.16296894346698806
21277503,1,1977,1128,67,5399811.85,False,PV,2,2,0,0.3874844496658067,0,0.09090909090909091,0,0.35830658013552713,0,0.4585283262154518,0,0.15334619730443896
21319155,0,1774,74,37,2442718.74,False,OI,0,1,0,0.438423847331343,1,0.7272727272727273,1,0.5033555535611033,0,0.4585283262154518,0,0.2947265468179376
21108255,1,2513,907,147,5834246.22,False,PV,4,1,0,0.27981758278631175,0,0.09090909090909091,0,0.3856300933929577,0,0.4585283262154518,0,0.17600060745760943
21370238,0,1460,50,227,3750705.94,False,OI,3,2,0,0.19655109332050916,0,0.09090909090909091,0,0.005400944639332838,0,0.4585283262154518,0,0.12087466296779226
21251653,1,2200,2031,13,245683.51,False,OI,0,1,0,0.47977288596581213,1,0.9090909090909091,1,0.8749873888258591,0,0.4585283262154518,1,0.5012814926927773
